Player Name,Player Link,Player Birthday,Player Current Team,Player Image
A.J. Green,https://www.basketball-reference.com/players/g/greenaj01.html,1999-09-27,Milwaukee Bucks,https://www.basketball-reference.com/req/202106291/images/headshots/greenaj01.jpg
A.J. Lawson,https://www.basketball-reference.com/players/l/lawsoaj01.html,2000-07-15,Toronto Raptors,https://www.basketball-reference.com/req/202106291/images/headshots/lawsoaj01.jpg
AJ Johnson,https://www.basketball-reference.com/players/j/johnsaj01.html,2004-12-01,Milwaukee Bucks,https://www.basketball-reference.com/req/202106291/images/headshots/johnsaj01.jpg
Aaron Gordon,https://www.basketball-reference.com/players/g/gordoaa01.html,1995-09-16,Denver Nuggets,https://www.basketball-reference.com/req/202106291/images/headshots/gordoaa01.jpg
Aaron Holiday,https://www.basketball-reference.com/players/h/holidaa01.html,1996-09-30,Houston Rockets,https://www.basketball-reference.com/req/202106291/images/headshots/holidaa01.jpg
Aaron Nesmith,https://www.basketball-reference.com/players/n/nesmiaa01.html,1999-10-16,Indiana Pacers,https://www.basketball-reference.com/req/202106291/images/headshots/nesmiaa01.jpg
Aaron Wiggins,https://www.basketball-reference.com/players/w/wiggiaa01.html,1999-01-02,Oklahoma City Thunder,https://www.basketball-reference.com/req/202106291/images/headshots/wiggiaa01.jpg
Adam Flagler,https://www.basketball-reference.com/players/f/flaglad01.html,1999-12-01,Free Agent / Retired,https://www.basketball-reference.com/req/202106291/images/headshots/flaglad01.jpg
Adama Sanogo,https://www.basketball-reference.com/players/s/sanogad01.html,2002-02-12,Chicago Bulls,https://www.basketball-reference.com/req/202106291/images/headshots/sanogad01.jpg
Adem Bona,https://www.basketball-reference.com/players/b/bonaad01.html,2003-03-28,Philadelphia 76ers,https://www.basketball-reference.com/req/202106291/images/headshots/bonaad01.jpg
Ajay Mitchell,https://www.basketball-reference.com/players/m/mitchaj01.html,2002-06-25,Oklahoma City Thunder,https://www.basketball-reference.com/req/202106291/images/headshots/mitchaj01.jpg
Al Horford,https://www.basketball-reference.com/players/h/horfoal01.html,1986-06-03,Boston Celtics,https://www.basketball-reference.com/req/202106291/images/headshots/horfoal01.jpg
Alec Burks,https://www.basketball-reference.com/players/b/burksal01.html,1991-07-20,Miami Heat,https://www.basketball-reference.com/req/202106291/images/headshots/burksal01.jpg
Alex Caruso,https://www.basketball-reference.com/players/c/carusal01.html,1994-02-28,Oklahoma City Thunder,https://www.basketball-reference.com/req/202106291/images/headshots/carusal01.jpg
Alex Ducas,https://www.basketball-reference.com/players/d/ducasal01.html,2000-12-11,Oklahoma City Thunder,https://www.basketball-reference.com/req/202106291/images/headshots/ducasal01.jpg
Alex Len,https://www.basketball-reference.com/players/l/lenal01.html,1993-06-16,Sacramento Kings,https://www.basketball-reference.com/req/202106291/images/headshots/lenal01.jpg
Alex Reese,https://www.basketball-reference.com/players/r/reeseal01.html,1999-05-21,Free Agent / Retired,https://www.basketball-reference.com/req/202106291/images/headshots/reeseal01.jpg
Alex Sarr,https://www.basketball-reference.com/players/s/sarral01.html,2005-04-26,Washington Wizards,https://www.basketball-reference.com/req/202106291/images/headshots/sarral01.jpg
Alondes Williams,https://www.basketball-reference.com/players/w/willial06.html,1999-06-19,Detroit Pistons,https://www.basketball-reference.com/req/202106291/images/headshots/willial06.jpg
Alperen Sengun,https://www.basketball-reference.com/players/s/sengual01.html,2002-07-25,Houston Rockets,https://www.basketball-reference.com/req/202106291/images/headshots/sengual01.jpg
Amen Thompson,https://www.basketball-reference.com/players/t/thompam01.html,2003-01-30,Houston Rockets,https://www.basketball-reference.com/req/202106291/images/headshots/thompam01.jpg
Amir Coffey,https://www.basketball-reference.com/players/c/coffeam01.html,1997-06-17,Los Angeles Clippers,https://www.basketball-reference.com/req/202106291/images/headshots/coffeam01.jpg
Andre Drummond,https://www.basketball-reference.com/players/d/drumman01.html,1993-08-10,Philadelphia 76ers,https://www.basketball-reference.com/req/202106291/images/headshots/drumman01.jpg
Andre Jackson Jr.,https://www.basketball-reference.com/players/j/jacksan01.html,2001-11-13,Milwaukee Bucks,https://www.basketball-reference.com/req/202106291/images/headshots/jacksan01.jpg
Andrew Nembhard,https://www.basketball-reference.com/players/n/nembhan01.html,2000-01-16,Indiana Pacers,https://www.basketball-reference.com/req/202106291/images/headshots/nembhan01.jpg
Andrew Wiggins,https://www.basketball-reference.com/players/w/wiggian01.html,1995-02-23,Golden State Warriors,https://www.basketball-reference.com/req/202106291/images/headshots/wiggian01.jpg
Anfernee Simons,https://www.basketball-reference.com/players/s/simonan01.html,1999-06-08,Portland Trail Blazers,https://www.basketball-reference.com/req/202106291/images/headshots/simonan01.jpg
Anthony Black,https://www.basketball-reference.com/players/b/blackan01.html,2004-01-20,Orlando Magic,https://www.basketball-reference.com/req/202106291/images/headshots/blackan01.jpg
Anthony Davis,https://www.basketball-reference.com/players/d/davisan02.html,1993-03-11,Los Angeles Lakers,https://www.basketball-reference.com/req/202106291/images/headshots/davisan02.jpg
Anthony Edwards,https://www.basketball-reference.com/players/e/edwaran01.html,2001-08-05,Minnesota Timberwolves,https://www.basketball-reference.com/req/202106291/images/headshots/edwaran01.jpg
Anthony Gill,https://www.basketball-reference.com/players/g/gillan01.html,1992-10-17,Washington Wizards,https://www.basketball-reference.com/req/202106291/images/headshots/gillan01.jpg
Antonio Reeves,https://www.basketball-reference.com/players/r/reevean01.html,2000-11-20,New Orleans Pelicans,https://www.basketball-reference.com/req/202106291/images/headshots/reevean01.jpg
Ariel Hukporti,https://www.basketball-reference.com/players/h/hukpoar01.html,2002-04-11,New York Knicks,https://www.basketball-reference.com/req/202106291/images/headshots/hukpoar01.jpg
Armel Traoré,https://www.basketball-reference.com/players/a/armeltr01.html,2003-01-23,Los Angeles Lakers,https://www.basketball-reference.com/req/202106291/images/headshots/armeltr01.jpg
Ausar Thompson,https://www.basketball-reference.com/players/t/thompau01.html,2003-01-30,Detroit Pistons,https://www.basketball-reference.com/req/202106291/images/headshots/thompau01.jpg
Austin Reaves,https://www.basketball-reference.com/players/r/reaveau01.html,1998-05-29,Los Angeles Lakers,https://www.basketball-reference.com/req/202106291/images/headshots/reaveau01.jpg
Ayo Dosunmu,https://www.basketball-reference.com/players/d/dosunay01.html,2000-01-17,Chicago Bulls,https://www.basketball-reference.com/req/202106291/images/headshots/dosunay01.jpg
Bam Adebayo,https://www.basketball-reference.com/players/a/adebaba01.html,1997-07-18,Miami Heat,https://www.basketball-reference.com/req/202106291/images/headshots/adebaba01.jpg
Baylor Scheierman,https://www.basketball-reference.com/players/s/scheiba01.html,2000-09-26,Boston Celtics,https://www.basketball-reference.com/req/202106291/images/headshots/scheiba01.jpg
Ben Sheppard,https://www.basketball-reference.com/players/s/sheppbe01.html,2001-07-16,Indiana Pacers,https://www.basketball-reference.com/req/202106291/images/headshots/sheppbe01.jpg
Ben Simmons,https://www.basketball-reference.com/players/s/simmobe01.html,1996-07-20,Brooklyn Nets,https://www.basketball-reference.com/req/202106291/images/headshots/simmobe01.jpg
Bennedict Mathurin,https://www.basketball-reference.com/players/m/mathube01.html,2002-06-19,Indiana Pacers,https://www.basketball-reference.com/req/202106291/images/headshots/mathube01.jpg
Bilal Coulibaly,https://www.basketball-reference.com/players/c/coulibi01.html,2004-07-26,Washington Wizards,https://www.basketball-reference.com/req/202106291/images/headshots/coulibi01.jpg
Blake Wesley,https://www.basketball-reference.com/players/w/weslebl01.html,2003-03-16,San Antonio Spurs,https://www.basketball-reference.com/req/202106291/images/headshots/weslebl01.jpg
Bobby Portis,https://www.basketball-reference.com/players/p/portibo01.html,1995-02-10,Milwaukee Bucks,https://www.basketball-reference.com/req/202106291/images/headshots/portibo01.jpg
Bogdan Bogdanović,https://www.basketball-reference.com/players/b/bogdabo01.html,1992-08-18,Atlanta Hawks,https://www.basketball-reference.com/req/202106291/images/headshots/bogdabo01.jpg
Bol Bol,https://www.basketball-reference.com/players/b/bolbo01.html,1999-11-16,Phoenix Suns,https://www.basketball-reference.com/req/202106291/images/headshots/bolbo01.jpg
Bones Hyland,https://www.basketball-reference.com/players/h/hylanbo01.html,2000-09-14,Los Angeles Clippers,https://www.basketball-reference.com/req/202106291/images/headshots/hylanbo01.jpg
Bradley Beal,https://www.basketball-reference.com/players/b/bealbr01.html,1993-06-28,Phoenix Suns,https://www.basketball-reference.com/req/202106291/images/headshots/bealbr01.jpg
Branden Carlson,https://www.basketball-reference.com/players/c/carlsbr01.html,1999-06-14,Oklahoma City Thunder,https://www.basketball-reference.com/req/202106291/images/headshots/carlsbr01.jpg
Brandin Podziemski,https://www.basketball-reference.com/players/p/podzibr01.html,2003-02-25,Golden State Warriors,https://www.basketball-reference.com/req/202106291/images/headshots/podzibr01.jpg
Brandon Boston Jr.,https://www.basketball-reference.com/players/b/bostobr01.html,2001-11-28,New Orleans Pelicans,https://www.basketball-reference.com/req/202106291/images/headshots/bostobr01.jpg
Brandon Clarke,https://www.basketball-reference.com/players/c/clarkbr01.html,1996-09-19,Memphis Grizzlies,https://www.basketball-reference.com/req/202106291/images/headshots/clarkbr01.jpg
Brandon Ingram,https://www.basketball-reference.com/players/i/ingrabr01.html,1997-09-02,New Orleans Pelicans,https://www.basketball-reference.com/req/202106291/images/headshots/ingrabr01.jpg
Brandon Miller,https://www.basketball-reference.com/players/m/millebr02.html,2002-11-22,Charlotte Hornets,https://www.basketball-reference.com/req/202106291/images/headshots/millebr02.jpg
Brandon Williams,https://www.basketball-reference.com/players/w/willibr03.html,1999-11-22,Dallas Mavericks,https://www.basketball-reference.com/req/202106291/images/headshots/willibr03.jpg
Brice Sensabaugh,https://www.basketball-reference.com/players/s/sensabr01.html,2003-10-30,Utah Jazz,https://www.basketball-reference.com/req/202106291/images/headshots/sensabr01.jpg
Bronny James,https://www.basketball-reference.com/players/j/jamesbr02.html,2004-10-06,Los Angeles Lakers,https://www.basketball-reference.com/req/202106291/images/headshots/jamesbr02.jpg
Brook Lopez,https://www.basketball-reference.com/players/l/lopezbr01.html,1988-04-01,Milwaukee Bucks,https://www.basketball-reference.com/req/202106291/images/headshots/lopezbr01.jpg
Bruce Brown,https://www.basketball-reference.com/players/b/brownbr01.html,1996-08-15,Toronto Raptors,https://www.basketball-reference.com/req/202106291/images/headshots/brownbr01.jpg
Bruno Fernando,https://www.basketball-reference.com/players/f/fernabr01.html,1998-08-15,Toronto Raptors,https://www.basketball-reference.com/req/202106291/images/headshots/fernabr01.jpg
Bryce McGowens,https://www.basketball-reference.com/players/m/mcgowbr01.html,2002-11-08,Portland Trail Blazers,https://www.basketball-reference.com/req/202106291/images/headshots/mcgowbr01.jpg
Buddy Hield,https://www.basketball-reference.com/players/h/hieldbu01.html,1992-12-17,Golden State Warriors,https://www.basketball-reference.com/req/202106291/images/headshots/hieldbu01.jpg
CJ McCollum,https://www.basketball-reference.com/players/m/mccolcj01.html,1991-09-19,New Orleans Pelicans,https://www.basketball-reference.com/req/202106291/images/headshots/mccolcj01.jpg
Cade Cunningham,https://www.basketball-reference.com/players/c/cunnica01.html,2001-09-25,Detroit Pistons,https://www.basketball-reference.com/req/202106291/images/headshots/cunnica01.jpg
Caleb Houstan,https://www.basketball-reference.com/players/h/houstca01.html,2003-01-09,Orlando Magic,https://www.basketball-reference.com/req/202106291/images/headshots/houstca01.jpg
Caleb Martin,https://www.basketball-reference.com/players/m/martica02.html,1995-09-28,Philadelphia 76ers,https://www.basketball-reference.com/req/202106291/images/headshots/martica02.jpg
Cam Christie,https://www.basketball-reference.com/players/c/chrisca02.html,2005-07-24,Los Angeles Clippers,https://www.basketball-reference.com/req/202106291/images/headshots/chrisca02.jpg
Cam Reddish,https://www.basketball-reference.com/players/r/reddica01.html,1999-09-01,Los Angeles Lakers,https://www.basketball-reference.com/req/202106291/images/headshots/reddica01.jpg
Cam Spencer,https://www.basketball-reference.com/players/s/spencca01.html,2000-04-06,Memphis Grizzlies,https://www.basketball-reference.com/req/202106291/images/headshots/spencca01.jpg
Cam Thomas,https://www.basketball-reference.com/players/t/thomaca02.html,2001-10-13,Brooklyn Nets,https://www.basketball-reference.com/req/202106291/images/headshots/thomaca02.jpg
Cam Whitmore,https://www.basketball-reference.com/players/w/whitmca01.html,2004-07-08,Houston Rockets,https://www.basketball-reference.com/req/202106291/images/headshots/whitmca01.jpg
Cameron Johnson,https://www.basketball-reference.com/players/j/johnsca02.html,1996-03-03,Brooklyn Nets,https://www.basketball-reference.com/req/202106291/images/headshots/johnsca02.jpg
Cameron Payne,https://www.basketball-reference.com/players/p/payneca01.html,1994-08-08,New York Knicks,https://www.basketball-reference.com/req/202106291/images/headshots/payneca01.jpg
Caris LeVert,https://www.basketball-reference.com/players/l/leverca01.html,1994-08-25,Cleveland Cavaliers,https://www.basketball-reference.com/req/202106291/images/headshots/leverca01.jpg
Carlton Carrington,https://www.basketball-reference.com/players/c/carrica01.html,2005-07-21,Washington Wizards,https://www.basketball-reference.com/req/202106291/images/headshots/carrica01.jpg
Cason Wallace,https://www.basketball-reference.com/players/w/wallaca01.html,2003-11-07,Oklahoma City Thunder,https://www.basketball-reference.com/req/202106291/images/headshots/wallaca01.jpg
Charles Bassey,https://www.basketball-reference.com/players/b/bassech01.html,2000-10-28,San Antonio Spurs,https://www.basketball-reference.com/req/202106291/images/headshots/bassech01.jpg
Chet Holmgren,https://www.basketball-reference.com/players/h/holmgch01.html,2002-05-01,Oklahoma City Thunder,https://www.basketball-reference.com/req/202106291/images/headshots/holmgch01.jpg
Chris Boucher,https://www.basketball-reference.com/players/b/bouchch01.html,1993-01-11,Toronto Raptors,https://www.basketball-reference.com/req/202106291/images/headshots/bouchch01.jpg
Chris Duarte,https://www.basketball-reference.com/players/d/duartch01.html,1997-06-13,Chicago Bulls,https://www.basketball-reference.com/req/202106291/images/headshots/duartch01.jpg
Chris Livingston,https://www.basketball-reference.com/players/l/livinch01.html,2003-10-15,Milwaukee Bucks,https://www.basketball-reference.com/req/202106291/images/headshots/livinch01.jpg
Chris Paul,https://www.basketball-reference.com/players/p/paulch01.html,1985-05-06,San Antonio Spurs,https://www.basketball-reference.com/req/202106291/images/headshots/paulch01.jpg
Christian Braun,https://www.basketball-reference.com/players/b/braunch01.html,2001-04-17,Denver Nuggets,https://www.basketball-reference.com/req/202106291/images/headshots/braunch01.jpg
Christian Koloko,https://www.basketball-reference.com/players/k/kolokch01.html,2000-06-20,Los Angeles Lakers,https://www.basketball-reference.com/req/202106291/images/headshots/kolokch01.jpg
Clint Capela,https://www.basketball-reference.com/players/c/capelca01.html,1994-05-18,Atlanta Hawks,https://www.basketball-reference.com/req/202106291/images/headshots/capelca01.jpg
Coby White,https://www.basketball-reference.com/players/w/whiteco01.html,2000-02-16,Chicago Bulls,https://www.basketball-reference.com/req/202106291/images/headshots/whiteco01.jpg
Cody Martin,https://www.basketball-reference.com/players/m/martico01.html,1995-09-28,Charlotte Hornets,https://www.basketball-reference.com/req/202106291/images/headshots/martico01.jpg
Cody Williams,https://www.basketball-reference.com/players/w/willico04.html,2004-11-20,Utah Jazz,https://www.basketball-reference.com/req/202106291/images/headshots/willico04.jpg
Colby Jones,https://www.basketball-reference.com/players/j/jonesco02.html,2002-05-28,Sacramento Kings,https://www.basketball-reference.com/req/202106291/images/headshots/jonesco02.jpg
Cole Anthony,https://www.basketball-reference.com/players/a/anthoco01.html,2000-05-15,Orlando Magic,https://www.basketball-reference.com/req/202106291/images/headshots/anthoco01.jpg
Cole Swider,https://www.basketball-reference.com/players/s/swideco01.html,1999-05-08,Detroit Pistons,https://www.basketball-reference.com/req/202106291/images/headshots/swideco01.jpg
Colin Castleton,https://www.basketball-reference.com/players/c/castlco01.html,2000-05-25,Memphis Grizzlies,https://www.basketball-reference.com/req/202106291/images/headshots/castlco01.jpg
Collin Gillespie,https://www.basketball-reference.com/players/g/gilleco01.html,1999-06-25,Phoenix Suns,https://www.basketball-reference.com/req/202106291/images/headshots/gilleco01.jpg
Collin Sexton,https://www.basketball-reference.com/players/s/sextoco01.html,1999-01-04,Utah Jazz,https://www.basketball-reference.com/req/202106291/images/headshots/sextoco01.jpg
Corey Kispert,https://www.basketball-reference.com/players/k/kispeco01.html,1999-03-03,Washington Wizards,https://www.basketball-reference.com/req/202106291/images/headshots/kispeco01.jpg
Cory Joseph,https://www.basketball-reference.com/players/j/josepco01.html,1991-08-20,Orlando Magic,https://www.basketball-reference.com/req/202106291/images/headshots/josepco01.jpg
Craig Porter Jr.,https://www.basketball-reference.com/players/p/portecr01.html,2000-02-26,Cleveland Cavaliers,https://www.basketball-reference.com/req/202106291/images/headshots/portecr01.jpg
Cui Yongxi,https://www.basketball-reference.com/players/c/cuiyo01.html,2003-05-28,Free Agent / Retired,https://www.basketball-reference.com/req/202106291/images/headshots/cuiyo01.jpg
D'Angelo Russell,https://www.basketball-reference.com/players/r/russeda01.html,1996-02-23,Los Angeles Lakers,https://www.basketball-reference.com/req/202106291/images/headshots/russeda01.jpg
D.J. Carton,https://www.basketball-reference.com/players/c/cartodj01.html,2000-08-05,Free Agent / Retired,https://www.basketball-reference.com/req/202106291/images/headshots/cartodj01.jpg
DaQuan Jeffries,https://www.basketball-reference.com/players/j/jeffrda01.html,1997-08-30,Charlotte Hornets,https://www.basketball-reference.com/req/202106291/images/headshots/jeffrda01.jpg
Daishen Nix,https://www.basketball-reference.com/players/n/nixda01.html,2002-02-13,Minnesota Timberwolves,https://www.basketball-reference.com/req/202106291/images/headshots/nixda01.jpg
Dalano Banton,https://www.basketball-reference.com/players/b/bantoda01.html,1999-11-07,Portland Trail Blazers,https://www.basketball-reference.com/req/202106291/images/headshots/bantoda01.jpg
Dalen Terry,https://www.basketball-reference.com/players/t/terryda01.html,2002-07-12,Chicago Bulls,https://www.basketball-reference.com/req/202106291/images/headshots/terryda01.jpg
Dalton Knecht,https://www.basketball-reference.com/players/k/knechda01.html,2001-04-19,Los Angeles Lakers,https://www.basketball-reference.com/req/202106291/images/headshots/knechda01.jpg
Damian Lillard,https://www.basketball-reference.com/players/l/lillada01.html,1990-07-15,Milwaukee Bucks,https://www.basketball-reference.com/req/202106291/images/headshots/lillada01.jpg
Damion Lee,https://www.basketball-reference.com/players/l/leeda03.html,1992-10-21,Phoenix Suns,https://www.basketball-reference.com/req/202106291/images/headshots/leeda03.jpg
Daniel Gafford,https://www.basketball-reference.com/players/g/gaffoda01.html,1998-10-01,Dallas Mavericks,https://www.basketball-reference.com/req/202106291/images/headshots/gaffoda01.jpg
Daniel Theis,https://www.basketball-reference.com/players/t/theisda01.html,1992-04-04,New Orleans Pelicans,https://www.basketball-reference.com/req/202106291/images/headshots/theisda01.jpg
Daniss Jenkins,https://www.basketball-reference.com/players/j/jenkida01.html,2001-08-17,Detroit Pistons,https://www.basketball-reference.com/req/202106291/images/headshots/jenkida01.jpg
Dario Šarić,https://www.basketball-reference.com/players/s/saricda01.html,1994-04-08,Denver Nuggets,https://www.basketball-reference.com/req/202106291/images/headshots/saricda01.jpg
Dariq Whitehead,https://www.basketball-reference.com/players/w/whiteda01.html,2004-08-01,Brooklyn Nets,https://www.basketball-reference.com/req/202106291/images/headshots/whiteda01.jpg
Darius Garland,https://www.basketball-reference.com/players/g/garlada01.html,2000-01-26,Cleveland Cavaliers,https://www.basketball-reference.com/req/202106291/images/headshots/garlada01.jpg
David Duke Jr.,https://www.basketball-reference.com/players/d/dukeda01.html,1999-10-13,San Antonio Spurs,https://www.basketball-reference.com/req/202106291/images/headshots/dukeda01.jpg
David Roddy,https://www.basketball-reference.com/players/r/roddyda01.html,2001-03-27,Atlanta Hawks,https://www.basketball-reference.com/req/202106291/images/headshots/roddyda01.jpg
Davion Mitchell,https://www.basketball-reference.com/players/m/mitchda01.html,1998-09-05,Toronto Raptors,https://www.basketball-reference.com/req/202106291/images/headshots/mitchda01.jpg
Day'Ron Sharpe,https://www.basketball-reference.com/players/s/sharpda01.html,2001-11-06,Brooklyn Nets,https://www.basketball-reference.com/req/202106291/images/headshots/sharpda01.jpg
De'Aaron Fox,https://www.basketball-reference.com/players/f/foxde01.html,1997-12-20,Sacramento Kings,https://www.basketball-reference.com/req/202106291/images/headshots/foxde01.jpg
De'Andre Hunter,https://www.basketball-reference.com/players/h/huntede01.html,1997-12-02,Atlanta Hawks,https://www.basketball-reference.com/req/202106291/images/headshots/huntede01.jpg
De'Anthony Melton,https://www.basketball-reference.com/players/m/meltode01.html,1998-05-28,Brooklyn Nets,https://www.basketball-reference.com/req/202106291/images/headshots/meltode01.jpg
DeAndre Jordan,https://www.basketball-reference.com/players/j/jordade01.html,1988-07-21,Denver Nuggets,https://www.basketball-reference.com/req/202106291/images/headshots/jordade01.jpg
DeMar DeRozan,https://www.basketball-reference.com/players/d/derozde01.html,1989-08-07,Sacramento Kings,https://www.basketball-reference.com/req/202106291/images/headshots/derozde01.jpg
Dean Wade,https://www.basketball-reference.com/players/w/wadede01.html,1996-11-20,Cleveland Cavaliers,https://www.basketball-reference.com/req/202106291/images/headshots/wadede01.jpg
Deandre Ayton,https://www.basketball-reference.com/players/a/aytonde01.html,1998-07-23,Portland Trail Blazers,https://www.basketball-reference.com/req/202106291/images/headshots/aytonde01.jpg
Dejounte Murray,https://www.basketball-reference.com/players/m/murrade01.html,1996-09-19,New Orleans Pelicans,https://www.basketball-reference.com/req/202106291/images/headshots/murrade01.jpg
Delon Wright,https://www.basketball-reference.com/players/w/wrighde01.html,1992-04-26,Milwaukee Bucks,https://www.basketball-reference.com/req/202106291/images/headshots/wrighde01.jpg
Deni Avdija,https://www.basketball-reference.com/players/a/avdijde01.html,2001-01-03,Portland Trail Blazers,https://www.basketball-reference.com/req/202106291/images/headshots/avdijde01.jpg
Dennis Schröder,https://www.basketball-reference.com/players/s/schrode01.html,1993-09-15,Golden State Warriors,https://www.basketball-reference.com/req/202106291/images/headshots/schrode01.jpg
Dereck Lively II,https://www.basketball-reference.com/players/l/livelde01.html,2004-02-12,Dallas Mavericks,https://www.basketball-reference.com/req/202106291/images/headshots/livelde01.jpg
Derrick Jones Jr.,https://www.basketball-reference.com/players/j/jonesde02.html,1997-02-15,Los Angeles Clippers,https://www.basketball-reference.com/req/202106291/images/headshots/jonesde02.jpg
Derrick White,https://www.basketball-reference.com/players/w/whitede01.html,1994-07-02,Boston Celtics,https://www.basketball-reference.com/req/202106291/images/headshots/whitede01.jpg
Desmond Bane,https://www.basketball-reference.com/players/b/banede01.html,1998-06-25,Memphis Grizzlies,https://www.basketball-reference.com/req/202106291/images/headshots/banede01.jpg
Devin Booker,https://www.basketball-reference.com/players/b/bookede01.html,1996-10-30,Phoenix Suns,https://www.basketball-reference.com/req/202106291/images/headshots/bookede01.jpg
Devin Carter,https://www.basketball-reference.com/players/c/cartede02.html,2002-03-18,Sacramento Kings,https://www.basketball-reference.com/req/202106291/images/headshots/cartede02.jpg
Devin Vassell,https://www.basketball-reference.com/players/v/vassede01.html,2000-08-23,San Antonio Spurs,https://www.basketball-reference.com/req/202106291/images/headshots/vassede01.jpg
Dillon Brooks,https://www.basketball-reference.com/players/b/brookdi01.html,1996-01-22,Houston Rockets,https://www.basketball-reference.com/req/202106291/images/headshots/brookdi01.jpg
Dillon Jones,https://www.basketball-reference.com/players/j/jonesdi01.html,2001-10-29,Oklahoma City Thunder,https://www.basketball-reference.com/req/202106291/images/headshots/jonesdi01.jpg
Domantas Sabonis,https://www.basketball-reference.com/players/s/sabondo01.html,1996-05-03,Sacramento Kings,https://www.basketball-reference.com/req/202106291/images/headshots/sabondo01.jpg
Dominick Barlow,https://www.basketball-reference.com/players/b/barlodo01.html,2003-05-26,Atlanta Hawks,https://www.basketball-reference.com/req/202106291/images/headshots/barlodo01.jpg
Donovan Clingan,https://www.basketball-reference.com/players/c/clingdo01.html,2004-02-23,Portland Trail Blazers,https://www.basketball-reference.com/req/202106291/images/headshots/clingdo01.jpg
Donovan Mitchell,https://www.basketball-reference.com/players/m/mitchdo01.html,1996-09-07,Cleveland Cavaliers,https://www.basketball-reference.com/req/202106291/images/headshots/mitchdo01.jpg
Donte DiVincenzo,https://www.basketball-reference.com/players/d/divindo01.html,1997-01-31,Minnesota Timberwolves,https://www.basketball-reference.com/req/202106291/images/headshots/divindo01.jpg
Dorian Finney-Smith,https://www.basketball-reference.com/players/f/finnedo01.html,1993-05-04,Brooklyn Nets,https://www.basketball-reference.com/req/202106291/images/headshots/finnedo01.jpg
Doug McDermott,https://www.basketball-reference.com/players/m/mcderdo01.html,1992-01-03,Sacramento Kings,https://www.basketball-reference.com/req/202106291/images/headshots/mcderdo01.jpg
Draymond Green,https://www.basketball-reference.com/players/g/greendr01.html,1990-03-04,Golden State Warriors,https://www.basketball-reference.com/req/202106291/images/headshots/greendr01.jpg
Drew Eubanks,https://www.basketball-reference.com/players/e/eubandr01.html,1997-02-01,Utah Jazz,https://www.basketball-reference.com/req/202106291/images/headshots/eubandr01.jpg
Drew Peterson,https://www.basketball-reference.com/players/p/peterdr01.html,1999-11-09,Boston Celtics,https://www.basketball-reference.com/req/202106291/images/headshots/peterdr01.jpg
Dru Smith,https://www.basketball-reference.com/players/s/smithdr01.html,1997-12-30,Miami Heat,https://www.basketball-reference.com/req/202106291/images/headshots/smithdr01.jpg
Duncan Robinson,https://www.basketball-reference.com/players/r/robindu01.html,1994-04-22,Miami Heat,https://www.basketball-reference.com/req/202106291/images/headshots/robindu01.jpg
Duop Reath,https://www.basketball-reference.com/players/r/reathdu01.html,1996-06-26,Portland Trail Blazers,https://www.basketball-reference.com/req/202106291/images/headshots/reathdu01.jpg
Dwight Powell,https://www.basketball-reference.com/players/p/poweldw01.html,1991-07-20,Dallas Mavericks,https://www.basketball-reference.com/req/202106291/images/headshots/poweldw01.jpg
Dyson Daniels,https://www.basketball-reference.com/players/d/daniedy01.html,2003-03-17,Atlanta Hawks,https://www.basketball-reference.com/req/202106291/images/headshots/daniedy01.jpg
E.J. Liddell,https://www.basketball-reference.com/players/l/liddeej01.html,2000-12-18,Chicago Bulls,https://www.basketball-reference.com/req/202106291/images/headshots/liddeej01.jpg
Elfrid Payton,https://www.basketball-reference.com/players/p/paytoel01.html,1994-02-22,Free Agent / Retired,https://www.basketball-reference.com/req/202106291/images/headshots/paytoel01.jpg
Enrique Freeman,https://www.basketball-reference.com/players/f/freemen01.html,2000-07-29,Indiana Pacers,https://www.basketball-reference.com/req/202106291/images/headshots/freemen01.jpg
Eric Gordon,https://www.basketball-reference.com/players/g/gordoer01.html,1988-12-25,Philadelphia 76ers,https://www.basketball-reference.com/req/202106291/images/headshots/gordoer01.jpg
Evan Mobley,https://www.basketball-reference.com/players/m/mobleev01.html,2001-06-18,Cleveland Cavaliers,https://www.basketball-reference.com/req/202106291/images/headshots/mobleev01.jpg
Franz Wagner,https://www.basketball-reference.com/players/w/wagnefr01.html,2001-08-27,Orlando Magic,https://www.basketball-reference.com/req/202106291/images/headshots/wagnefr01.jpg
Fred VanVleet,https://www.basketball-reference.com/players/v/vanvlfr01.html,1994-02-25,Houston Rockets,https://www.basketball-reference.com/req/202106291/images/headshots/vanvlfr01.jpg
Gabe Vincent,https://www.basketball-reference.com/players/v/vincega01.html,1996-06-14,Los Angeles Lakers,https://www.basketball-reference.com/req/202106291/images/headshots/vincega01.jpg
Garrett Temple,https://www.basketball-reference.com/players/t/templga01.html,1986-05-08,Toronto Raptors,https://www.basketball-reference.com/req/202106291/images/headshots/templga01.jpg
Garrison Mathews,https://www.basketball-reference.com/players/m/mathega01.html,1996-10-24,Atlanta Hawks,https://www.basketball-reference.com/req/202106291/images/headshots/mathega01.jpg
Gary Harris,https://www.basketball-reference.com/players/h/harriga01.html,1994-09-14,Orlando Magic,https://www.basketball-reference.com/req/202106291/images/headshots/harriga01.jpg
Gary Payton II,https://www.basketball-reference.com/players/p/paytoga02.html,1992-12-01,Golden State Warriors,https://www.basketball-reference.com/req/202106291/images/headshots/paytoga02.jpg
Gary Trent Jr.,https://www.basketball-reference.com/players/t/trentga02.html,1999-01-18,Milwaukee Bucks,https://www.basketball-reference.com/req/202106291/images/headshots/trentga02.jpg
Georges Niang,https://www.basketball-reference.com/players/n/niangge01.html,1993-06-17,Cleveland Cavaliers,https://www.basketball-reference.com/req/202106291/images/headshots/niangge01.jpg
Giannis Antetokounmpo,https://www.basketball-reference.com/players/a/antetgi01.html,1994-12-06,Milwaukee Bucks,https://www.basketball-reference.com/req/202106291/images/headshots/antetgi01.jpg
Goga Bitadze,https://www.basketball-reference.com/players/b/bitadgo01.html,1999-07-20,Orlando Magic,https://www.basketball-reference.com/req/202106291/images/headshots/bitadgo01.jpg
Gradey Dick,https://www.basketball-reference.com/players/d/dickgr01.html,2003-11-20,Toronto Raptors,https://www.basketball-reference.com/req/202106291/images/headshots/dickgr01.jpg
Grant Williams,https://www.basketball-reference.com/players/w/willigr01.html,1998-11-30,Charlotte Hornets,https://www.basketball-reference.com/req/202106291/images/headshots/willigr01.jpg
Grayson Allen,https://www.basketball-reference.com/players/a/allengr01.html,1995-10-08,Phoenix Suns,https://www.basketball-reference.com/req/202106291/images/headshots/allengr01.jpg
Guerschon Yabusele,https://www.basketball-reference.com/players/y/yabusgu01.html,1995-12-17,Philadelphia 76ers,https://www.basketball-reference.com/req/202106291/images/headshots/yabusgu01.jpg
Gui Santos,https://www.basketball-reference.com/players/s/santogu01.html,2002-06-22,Golden State Warriors,https://www.basketball-reference.com/req/202106291/images/headshots/santogu01.jpg
Harrison Barnes,https://www.basketball-reference.com/players/b/barneha02.html,1992-05-30,San Antonio Spurs,https://www.basketball-reference.com/req/202106291/images/headshots/barneha02.jpg
Harrison Ingram,https://www.basketball-reference.com/players/i/ingraha01.html,2002-11-27,San Antonio Spurs,https://www.basketball-reference.com/req/202106291/images/headshots/ingraha01.jpg
Haywood Highsmith,https://www.basketball-reference.com/players/h/highsha01.html,1996-12-09,Miami Heat,https://www.basketball-reference.com/req/202106291/images/headshots/highsha01.jpg
Herbert Jones,https://www.basketball-reference.com/players/j/joneshe01.html,1998-10-06,New Orleans Pelicans,https://www.basketball-reference.com/req/202106291/images/headshots/joneshe01.jpg
Hunter Tyson,https://www.basketball-reference.com/players/t/tysonhu01.html,2000-06-13,Denver Nuggets,https://www.basketball-reference.com/req/202106291/images/headshots/tysonhu01.jpg
Immanuel Quickley,https://www.basketball-reference.com/players/q/quickim01.html,1999-06-17,Toronto Raptors,https://www.basketball-reference.com/req/202106291/images/headshots/quickim01.jpg
Isaac Jones,https://www.basketball-reference.com/players/j/jonesis01.html,2000-07-11,Sacramento Kings,https://www.basketball-reference.com/req/202106291/images/headshots/jonesis01.jpg
Isaac Okoro,https://www.basketball-reference.com/players/o/okorois01.html,2001-01-26,Cleveland Cavaliers,https://www.basketball-reference.com/req/202106291/images/headshots/okorois01.jpg
Isaiah Collier,https://www.basketball-reference.com/players/c/colliis01.html,2004-10-08,Utah Jazz,https://www.basketball-reference.com/req/202106291/images/headshots/colliis01.jpg
Isaiah Crawford,https://www.basketball-reference.com/players/c/crawfis01.html,2001-11-01,Sacramento Kings,https://www.basketball-reference.com/req/202106291/images/headshots/crawfis01.jpg
Isaiah Hartenstein,https://www.basketball-reference.com/players/h/harteis01.html,1998-05-05,Oklahoma City Thunder,https://www.basketball-reference.com/req/202106291/images/headshots/harteis01.jpg
Isaiah Jackson,https://www.basketball-reference.com/players/j/jacksis01.html,2002-01-10,Indiana Pacers,https://www.basketball-reference.com/req/202106291/images/headshots/jacksis01.jpg
Isaiah Joe,https://www.basketball-reference.com/players/j/joeis01.html,1999-07-02,Oklahoma City Thunder,https://www.basketball-reference.com/req/202106291/images/headshots/joeis01.jpg
Isaiah Stewart,https://www.basketball-reference.com/players/s/stewais01.html,2001-05-22,Detroit Pistons,https://www.basketball-reference.com/req/202106291/images/headshots/stewais01.jpg
Isaiah Wong,https://www.basketball-reference.com/players/w/wongis01.html,2001-01-28,Charlotte Hornets,https://www.basketball-reference.com/req/202106291/images/headshots/wongis01.jpg
Ivica Zubac,https://www.basketball-reference.com/players/z/zubaciv01.html,1997-03-18,Los Angeles Clippers,https://www.basketball-reference.com/req/202106291/images/headshots/zubaciv01.jpg
JD Davison,https://www.basketball-reference.com/players/d/davisjd01.html,2002-10-03,Boston Celtics,https://www.basketball-reference.com/req/202106291/images/headshots/davisjd01.jpg
JT Thor,https://www.basketball-reference.com/players/t/thorjt01.html,2002-08-26,Cleveland Cavaliers,https://www.basketball-reference.com/req/202106291/images/headshots/thorjt01.jpg
Ja Morant,https://www.basketball-reference.com/players/m/moranja01.html,1999-08-10,Memphis Grizzlies,https://www.basketball-reference.com/req/202106291/images/headshots/moranja01.jpg
Ja'Kobe Walter,https://www.basketball-reference.com/players/w/walteja01.html,2004-09-04,Toronto Raptors,https://www.basketball-reference.com/req/202106291/images/headshots/walteja01.jpg
Jabari Smith Jr.,https://www.basketball-reference.com/players/s/smithja05.html,2003-05-13,Houston Rockets,https://www.basketball-reference.com/req/202106291/images/headshots/smithja05.jpg
Jabari Walker,https://www.basketball-reference.com/players/w/walkeja01.html,2002-07-30,Portland Trail Blazers,https://www.basketball-reference.com/req/202106291/images/headshots/walkeja01.jpg
Jack McVeigh,https://www.basketball-reference.com/players/m/mcveija01.html,1996-06-27,Houston Rockets,https://www.basketball-reference.com/req/202106291/images/headshots/mcveija01.jpg
Jacob Toppin,https://www.basketball-reference.com/players/t/toppija01.html,2000-05-08,New York Knicks,https://www.basketball-reference.com/req/202106291/images/headshots/toppija01.jpg
Jaden Hardy,https://www.basketball-reference.com/players/h/hardyja02.html,2002-07-05,Dallas Mavericks,https://www.basketball-reference.com/req/202106291/images/headshots/hardyja02.jpg
Jaden Ivey,https://www.basketball-reference.com/players/i/iveyja01.html,2002-02-13,Detroit Pistons,https://www.basketball-reference.com/req/202106291/images/headshots/iveyja01.jpg
Jaden McDaniels,https://www.basketball-reference.com/players/m/mcdanja02.html,2000-09-29,Minnesota Timberwolves,https://www.basketball-reference.com/req/202106291/images/headshots/mcdanja02.jpg
Jaden Springer,https://www.basketball-reference.com/players/s/sprinja01.html,2002-09-25,Boston Celtics,https://www.basketball-reference.com/req/202106291/images/headshots/sprinja01.jpg
Jae Crowder,https://www.basketball-reference.com/players/c/crowdja01.html,1990-07-06,Sacramento Kings,https://www.basketball-reference.com/req/202106291/images/headshots/crowdja01.jpg
Jae'Sean Tate,https://www.basketball-reference.com/players/t/tateja01.html,1995-10-28,Houston Rockets,https://www.basketball-reference.com/req/202106291/images/headshots/tateja01.jpg
Jaime Jaquez Jr.,https://www.basketball-reference.com/players/j/jaqueja01.html,2001-02-18,Miami Heat,https://www.basketball-reference.com/req/202106291/images/headshots/jaqueja01.jpg
Jake LaRavia,https://www.basketball-reference.com/players/l/laravja01.html,2001-11-03,Memphis Grizzlies,https://www.basketball-reference.com/req/202106291/images/headshots/laravja01.jpg
Jakob Poeltl,https://www.basketball-reference.com/players/p/poeltja01.html,1995-10-15,Toronto Raptors,https://www.basketball-reference.com/req/202106291/images/headshots/poeltja01.jpg
Jalen Bridges,https://www.basketball-reference.com/players/b/bridgja01.html,2001-05-14,Phoenix Suns,https://www.basketball-reference.com/req/202106291/images/headshots/bridgja01.jpg
Jalen Brunson,https://www.basketball-reference.com/players/b/brunsja01.html,1996-08-31,New York Knicks,https://www.basketball-reference.com/req/202106291/images/headshots/brunsja01.jpg
Jalen Duren,https://www.basketball-reference.com/players/d/durenja01.html,2003-11-18,Detroit Pistons,https://www.basketball-reference.com/req/202106291/images/headshots/durenja01.jpg
Jalen Green,https://www.basketball-reference.com/players/g/greenja05.html,2002-02-09,Houston Rockets,https://www.basketball-reference.com/req/202106291/images/headshots/greenja05.jpg
Jalen Hood-Schifino,https://www.basketball-reference.com/players/h/hoodsja01.html,2003-06-19,Los Angeles Lakers,https://www.basketball-reference.com/req/202106291/images/headshots/hoodsja01.jpg
Jalen Johnson,https://www.basketball-reference.com/players/j/johnsja05.html,2001-12-18,Atlanta Hawks,https://www.basketball-reference.com/req/202106291/images/headshots/johnsja05.jpg
Jalen Pickett,https://www.basketball-reference.com/players/p/pickeja02.html,1999-10-22,Denver Nuggets,https://www.basketball-reference.com/req/202106291/images/headshots/pickeja02.jpg
Jalen Smith,https://www.basketball-reference.com/players/s/smithja04.html,2000-03-16,Chicago Bulls,https://www.basketball-reference.com/req/202106291/images/headshots/smithja04.jpg
Jalen Suggs,https://www.basketball-reference.com/players/s/suggsja01.html,2001-06-03,Orlando Magic,https://www.basketball-reference.com/req/202106291/images/headshots/suggsja01.jpg
Jalen Williams,https://www.basketball-reference.com/players/w/willija06.html,2001-04-14,Oklahoma City Thunder,https://www.basketball-reference.com/req/202106291/images/headshots/willija06.jpg
Jalen Wilson,https://www.basketball-reference.com/players/w/wilsoja03.html,2000-11-04,Brooklyn Nets,https://www.basketball-reference.com/req/202106291/images/headshots/wilsoja03.jpg
Jamal Cain,https://www.basketball-reference.com/players/c/cainja01.html,1999-03-20,New Orleans Pelicans,https://www.basketball-reference.com/req/202106291/images/headshots/cainja01.jpg
Jamal Murray,https://www.basketball-reference.com/players/m/murraja01.html,1997-02-23,Denver Nuggets,https://www.basketball-reference.com/req/202106291/images/headshots/murraja01.jpg
Jamal Shead,https://www.basketball-reference.com/players/s/sheadja01.html,2002-06-24,Toronto Raptors,https://www.basketball-reference.com/req/202106291/images/headshots/sheadja01.jpg
James Harden,https://www.basketball-reference.com/players/h/hardeja01.html,1989-08-26,Los Angeles Clippers,https://www.basketball-reference.com/req/202106291/images/headshots/hardeja01.jpg
James Johnson,https://www.basketball-reference.com/players/j/johnsja01.html,1987-02-20,Indiana Pacers,https://www.basketball-reference.com/req/202106291/images/headshots/johnsja01.jpg
James Wiseman,https://www.basketball-reference.com/players/w/wisemja01.html,2001-03-31,Indiana Pacers,https://www.basketball-reference.com/req/202106291/images/headshots/wisemja01.jpg
Jamison Battle,https://www.basketball-reference.com/players/b/battlja01.html,2001-05-10,Toronto Raptors,https://www.basketball-reference.com/req/202106291/images/headshots/battlja01.jpg
Jarace Walker,https://www.basketball-reference.com/players/w/walkeja02.html,2003-09-04,Indiana Pacers,https://www.basketball-reference.com/req/202106291/images/headshots/walkeja02.jpg
Jared Butler,https://www.basketball-reference.com/players/b/butleja02.html,2000-08-25,Washington Wizards,https://www.basketball-reference.com/req/202106291/images/headshots/butleja02.jpg
Jared McCain,https://www.basketball-reference.com/players/m/mccaija01.html,2004-02-20,Philadelphia 76ers,https://www.basketball-reference.com/req/202106291/images/headshots/mccaija01.jpg
Jared Rhoden,https://www.basketball-reference.com/players/r/rhodeja01.html,1999-08-27,Free Agent / Retired,https://www.basketball-reference.com/req/202106291/images/headshots/rhodeja01.jpg
Jaren Jackson Jr.,https://www.basketball-reference.com/players/j/jacksja02.html,1999-09-15,Memphis Grizzlies,https://www.basketball-reference.com/req/202106291/images/headshots/jacksja02.jpg
Jarrett Allen,https://www.basketball-reference.com/players/a/allenja01.html,1998-04-21,Cleveland Cavaliers,https://www.basketball-reference.com/req/202106291/images/headshots/allenja01.jpg
Javonte Green,https://www.basketball-reference.com/players/g/greenja02.html,1993-07-23,New Orleans Pelicans,https://www.basketball-reference.com/req/202106291/images/headshots/greenja02.jpg
Jaxson Hayes,https://www.basketball-reference.com/players/h/hayesja02.html,2000-05-23,Los Angeles Lakers,https://www.basketball-reference.com/req/202106291/images/headshots/hayesja02.jpg
Jay Huff,https://www.basketball-reference.com/players/h/huffja01.html,1998-08-25,Memphis Grizzlies,https://www.basketball-reference.com/req/202106291/images/headshots/huffja01.jpg
Jaylen Brown,https://www.basketball-reference.com/players/b/brownja02.html,1996-10-24,Boston Celtics,https://www.basketball-reference.com/req/202106291/images/headshots/brownja02.jpg
Jaylen Martin,https://www.basketball-reference.com/players/m/martija02.html,2004-01-28,Free Agent / Retired,https://www.basketball-reference.com/req/202106291/images/headshots/martija02.jpg
Jaylen Nowell,https://www.basketball-reference.com/players/n/nowelja01.html,1999-07-09,Free Agent / Retired,https://www.basketball-reference.com/req/202106291/images/headshots/nowelja01.jpg
Jaylen Wells,https://www.basketball-reference.com/players/w/wellsja01.html,2003-08-26,Memphis Grizzlies,https://www.basketball-reference.com/req/202106291/images/headshots/wellsja01.jpg
Jaylin Williams,https://www.basketball-reference.com/players/w/willija07.html,2002-06-29,Oklahoma City Thunder,https://www.basketball-reference.com/req/202106291/images/headshots/willija07.jpg
Jaylon Tyson,https://www.basketball-reference.com/players/t/tysonja01.html,2002-12-02,Cleveland Cavaliers,https://www.basketball-reference.com/req/202106291/images/headshots/tysonja01.jpg
Jayson Tatum,https://www.basketball-reference.com/players/t/tatumja01.html,1998-03-03,Boston Celtics,https://www.basketball-reference.com/req/202106291/images/headshots/tatumja01.jpg
Jazian Gortman,https://www.basketball-reference.com/players/g/gortmja01.html,2003-04-14,Dallas Mavericks,https://www.basketball-reference.com/req/202106291/images/headshots/gortmja01.jpg
Jeenathan Williams,https://www.basketball-reference.com/players/w/willije02.html,1999-02-12,Houston Rockets,https://www.basketball-reference.com/req/202106291/images/headshots/willije02.jpg
Jeff Dowtin,https://www.basketball-reference.com/players/d/dowtije01.html,1997-05-10,Philadelphia 76ers,https://www.basketball-reference.com/req/202106291/images/headshots/dowtije01.jpg
Jeff Green,https://www.basketball-reference.com/players/g/greenje02.html,1986-08-28,Houston Rockets,https://www.basketball-reference.com/req/202106291/images/headshots/greenje02.jpg
Jerami Grant,https://www.basketball-reference.com/players/g/grantje01.html,1994-03-12,Portland Trail Blazers,https://www.basketball-reference.com/req/202106291/images/headshots/grantje01.jpg
Jeremiah Robinson-Earl,https://www.basketball-reference.com/players/r/robinje02.html,2000-11-03,New Orleans Pelicans,https://www.basketball-reference.com/req/202106291/images/headshots/robinje02.jpg
Jeremy Sochan,https://www.basketball-reference.com/players/s/sochaje01.html,2003-05-20,San Antonio Spurs,https://www.basketball-reference.com/req/202106291/images/headshots/sochaje01.jpg
Jericho Sims,https://www.basketball-reference.com/players/s/simsje01.html,1998-10-20,New York Knicks,https://www.basketball-reference.com/req/202106291/images/headshots/simsje01.jpg
Jett Howard,https://www.basketball-reference.com/players/h/howarje01.html,2003-09-14,Orlando Magic,https://www.basketball-reference.com/req/202106291/images/headshots/howarje01.jpg
Jevon Carter,https://www.basketball-reference.com/players/c/carteje01.html,1995-09-14,Chicago Bulls,https://www.basketball-reference.com/req/202106291/images/headshots/carteje01.jpg
Jimmy Butler,https://www.basketball-reference.com/players/b/butleji01.html,1989-09-14,Miami Heat,https://www.basketball-reference.com/req/202106291/images/headshots/butleji01.jpg
Jock Landale,https://www.basketball-reference.com/players/l/landajo01.html,1995-10-25,Houston Rockets,https://www.basketball-reference.com/req/202106291/images/headshots/landajo01.jpg
Joe Ingles,https://www.basketball-reference.com/players/i/inglejo01.html,1987-10-02,Minnesota Timberwolves,https://www.basketball-reference.com/req/202106291/images/headshots/inglejo01.jpg
Joel Embiid,https://www.basketball-reference.com/players/e/embiijo01.html,1994-03-16,Philadelphia 76ers,https://www.basketball-reference.com/req/202106291/images/headshots/embiijo01.jpg
John Collins,https://www.basketball-reference.com/players/c/collijo01.html,1997-09-23,Utah Jazz,https://www.basketball-reference.com/req/202106291/images/headshots/collijo01.jpg
John Konchar,https://www.basketball-reference.com/players/k/konchjo01.html,,,
Johnny Davis,https://www.basketball-reference.com/players/d/davisjo06.html,,,
Johnny Furphy,https://www.basketball-reference.com/players/f/furphjo01.html,,,
Johnny Juzang,https://www.basketball-reference.com/players/j/juzanjo01.html,,,
Jonas Valančiūnas,https://www.basketball-reference.com/players/v/valanjo01.html,1992-05-06,Washington Wizards,https://www.basketball-reference.com/req/202106291/images/headshots/valanjo01.jpg
Jonathan Isaac,https://www.basketball-reference.com/players/i/isaacjo01.html,1997-10-03,Orlando Magic,https://www.basketball-reference.com/req/202106291/images/headshots/isaacjo01.jpg
Jonathan Kuminga,https://www.basketball-reference.com/players/k/kuminjo01.html,2002-10-06,Golden State Warriors,https://www.basketball-reference.com/req/202106291/images/headshots/kuminjo01.jpg
Jonathan Mogbo,https://www.basketball-reference.com/players/m/mogbojo01.html,2001-10-29,Toronto Raptors,https://www.basketball-reference.com/req/202106291/images/headshots/mogbojo01.jpg
Jordan Clarkson,https://www.basketball-reference.com/players/c/clarkjo01.html,1992-06-07,Utah Jazz,https://www.basketball-reference.com/req/202106291/images/headshots/clarkjo01.jpg
Jordan Hawkins,https://www.basketball-reference.com/players/h/hawkijo01.html,2002-04-29,New Orleans Pelicans,https://www.basketball-reference.com/req/202106291/images/headshots/hawkijo01.jpg
Jordan McLaughlin,https://www.basketball-reference.com/players/m/mclaujo01.html,1996-04-09,Sacramento Kings,https://www.basketball-reference.com/req/202106291/images/headshots/mclaujo01.jpg
Jordan Miller,https://www.basketball-reference.com/players/m/millejo02.html,2000-01-23,Free Agent / Retired,https://www.basketball-reference.com/req/202106291/images/headshots/millejo02.jpg
Jordan Poole,https://www.basketball-reference.com/players/p/poolejo01.html,1999-06-19,Washington Wizards,https://www.basketball-reference.com/req/202106291/images/headshots/poolejo01.jpg
Jordan Walsh,https://www.basketball-reference.com/players/w/walshjo01.html,2004-03-03,Boston Celtics,https://www.basketball-reference.com/req/202106291/images/headshots/walshjo01.jpg
Jose Alvarado,https://www.basketball-reference.com/players/a/alvarjo01.html,1998-04-12,New Orleans Pelicans,https://www.basketball-reference.com/req/202106291/images/headshots/alvarjo01.jpg
Josh Christopher,https://www.basketball-reference.com/players/c/chrisjo01.html,2001-12-08,Miami Heat,https://www.basketball-reference.com/req/202106291/images/headshots/chrisjo01.jpg
Josh Giddey,https://www.basketball-reference.com/players/g/giddejo01.html,2002-10-10,Chicago Bulls,https://www.basketball-reference.com/req/202106291/images/headshots/giddejo01.jpg
Josh Green,https://www.basketball-reference.com/players/g/greenjo02.html,2000-11-16,Charlotte Hornets,https://www.basketball-reference.com/req/202106291/images/headshots/greenjo02.jpg
Josh Hart,https://www.basketball-reference.com/players/h/hartjo01.html,1995-03-06,New York Knicks,https://www.basketball-reference.com/req/202106291/images/headshots/hartjo01.jpg
Josh Minott,https://www.basketball-reference.com/players/m/minotjo01.html,2002-11-25,Minnesota Timberwolves,https://www.basketball-reference.com/req/202106291/images/headshots/minotjo01.jpg
Josh Okogie,https://www.basketball-reference.com/players/o/okogijo01.html,1998-09-01,Phoenix Suns,https://www.basketball-reference.com/req/202106291/images/headshots/okogijo01.jpg
Josh Richardson,https://www.basketball-reference.com/players/r/richajo01.html,1993-09-15,Miami Heat,https://www.basketball-reference.com/req/202106291/images/headshots/richajo01.jpg
Jrue Holiday,https://www.basketball-reference.com/players/h/holidjr01.html,1990-06-12,Boston Celtics,https://www.basketball-reference.com/req/202106291/images/headshots/holidjr01.jpg
Julian Champagnie,https://www.basketball-reference.com/players/c/champju02.html,2001-06-29,San Antonio Spurs,https://www.basketball-reference.com/req/202106291/images/headshots/champju02.jpg
Julian Phillips,https://www.basketball-reference.com/players/p/phillju01.html,2003-11-05,Chicago Bulls,https://www.basketball-reference.com/req/202106291/images/headshots/phillju01.jpg
Julian Strawther,https://www.basketball-reference.com/players/s/strawju01.html,2002-04-18,Denver Nuggets,https://www.basketball-reference.com/req/202106291/images/headshots/strawju01.jpg
Julius Randle,https://www.basketball-reference.com/players/r/randlju01.html,1994-11-29,Minnesota Timberwolves,https://www.basketball-reference.com/req/202106291/images/headshots/randlju01.jpg
Justin Champagnie,https://www.basketball-reference.com/players/c/champju01.html,2001-06-29,Free Agent / Retired,https://www.basketball-reference.com/req/202106291/images/headshots/champju01.jpg
Justin Edwards,https://www.basketball-reference.com/players/e/edwarju01.html,2003-12-16,Philadelphia 76ers,https://www.basketball-reference.com/req/202106291/images/headshots/edwarju01.jpg
Justin Minaya,https://www.basketball-reference.com/players/m/minayju01.html,1999-03-26,Portland Trail Blazers,https://www.basketball-reference.com/req/202106291/images/headshots/minayju01.jpg
Jusuf Nurkić,https://www.basketball-reference.com/players/n/nurkiju01.html,1994-08-23,Phoenix Suns,https://www.basketball-reference.com/req/202106291/images/headshots/nurkiju01.jpg
KJ Martin,https://www.basketball-reference.com/players/m/martike04.html,2001-01-06,Philadelphia 76ers,https://www.basketball-reference.com/req/202106291/images/headshots/martike04.jpg
KJ Simpson,https://www.basketball-reference.com/players/s/simpskj01.html,2002-08-08,Charlotte Hornets,https://www.basketball-reference.com/req/202106291/images/headshots/simpskj01.jpg
Kai Jones,https://www.basketball-reference.com/players/j/joneska01.html,2001-01-19,Los Angeles Clippers,https://www.basketball-reference.com/req/202106291/images/headshots/joneska01.jpg
Karl-Anthony Towns,https://www.basketball-reference.com/players/t/townska01.html,1995-11-15,New York Knicks,https://www.basketball-reference.com/req/202106291/images/headshots/townska01.jpg
Karlo Matković,https://www.basketball-reference.com/players/m/matkoka01.html,2001-03-30,New Orleans Pelicans,https://www.basketball-reference.com/req/202106291/images/headshots/matkoka01.jpg
Kawhi Leonard,https://www.basketball-reference.com/players/l/leonaka01.html,1991-06-29,Los Angeles Clippers,https://www.basketball-reference.com/req/202106291/images/headshots/leonaka01.jpg
Keaton Wallace,https://www.basketball-reference.com/players/w/wallake01.html,1999-02-26,Atlanta Hawks,https://www.basketball-reference.com/req/202106291/images/headshots/wallake01.jpg
Keegan Murray,https://www.basketball-reference.com/players/m/murrake02.html,2000-08-19,Sacramento Kings,https://www.basketball-reference.com/req/202106291/images/headshots/murrake02.jpg
Kel'el Ware,https://www.basketball-reference.com/players/w/wareke01.html,2004-04-20,Miami Heat,https://www.basketball-reference.com/req/202106291/images/headshots/wareke01.jpg
Keldon Johnson,https://www.basketball-reference.com/players/j/johnske04.html,1999-10-11,San Antonio Spurs,https://www.basketball-reference.com/req/202106291/images/headshots/johnske04.jpg
Kelly Olynyk,https://www.basketball-reference.com/players/o/olynyke01.html,1991-04-19,Toronto Raptors,https://www.basketball-reference.com/req/202106291/images/headshots/olynyke01.jpg
Kelly Oubre Jr.,https://www.basketball-reference.com/players/o/oubreke01.html,1995-12-09,Philadelphia 76ers,https://www.basketball-reference.com/req/202106291/images/headshots/oubreke01.jpg
Kenrich Williams,https://www.basketball-reference.com/players/w/willike04.html,1994-12-02,Oklahoma City Thunder,https://www.basketball-reference.com/req/202106291/images/headshots/willike04.jpg
Kentavious Caldwell-Pope,https://www.basketball-reference.com/players/c/caldwke01.html,1993-02-18,Orlando Magic,https://www.basketball-reference.com/req/202106291/images/headshots/caldwke01.jpg
Keon Ellis,https://www.basketball-reference.com/players/e/elliske01.html,2000-01-08,Sacramento Kings,https://www.basketball-reference.com/req/202106291/images/headshots/elliske01.jpg
Keon Johnson,https://www.basketball-reference.com/players/j/johnske07.html,2002-03-10,Brooklyn Nets,https://www.basketball-reference.com/req/202106291/images/headshots/johnske07.jpg
Keshad Johnson,https://www.basketball-reference.com/players/j/johnske10.html,2001-06-23,Miami Heat,https://www.basketball-reference.com/req/202106291/images/headshots/johnske10.jpg
Kessler Edwards,https://www.basketball-reference.com/players/e/edwarke02.html,2000-08-09,Dallas Mavericks,https://www.basketball-reference.com/req/202106291/images/headshots/edwarke02.jpg
Kevin Durant,https://www.basketball-reference.com/players/d/duranke01.html,1988-09-29,Phoenix Suns,https://www.basketball-reference.com/req/202106291/images/headshots/duranke01.jpg
Kevin Huerter,https://www.basketball-reference.com/players/h/huertke01.html,1998-08-27,Sacramento Kings,https://www.basketball-reference.com/req/202106291/images/headshots/huertke01.jpg
Kevin Love,https://www.basketball-reference.com/players/l/loveke01.html,1988-09-07,Miami Heat,https://www.basketball-reference.com/req/202106291/images/headshots/loveke01.jpg
Kevin Porter Jr.,https://www.basketball-reference.com/players/p/porteke02.html,2000-05-04,Los Angeles Clippers,https://www.basketball-reference.com/req/202106291/images/headshots/porteke02.jpg
Kevon Looney,https://www.basketball-reference.com/players/l/looneke01.html,1996-02-06,Golden State Warriors,https://www.basketball-reference.com/req/202106291/images/headshots/looneke01.jpg
Keyonte George,https://www.basketball-reference.com/players/g/georgke01.html,2003-11-08,Utah Jazz,https://www.basketball-reference.com/req/202106291/images/headshots/georgke01.jpg
Khris Middleton,https://www.basketball-reference.com/players/m/middlkh01.html,1991-08-12,Milwaukee Bucks,https://www.basketball-reference.com/req/202106291/images/headshots/middlkh01.jpg
Klay Thompson,https://www.basketball-reference.com/players/t/thompkl01.html,1990-02-08,Dallas Mavericks,https://www.basketball-reference.com/req/202106291/images/headshots/thompkl01.jpg
Kobe Brown,https://www.basketball-reference.com/players/b/brownko01.html,2000-01-01,Los Angeles Clippers,https://www.basketball-reference.com/req/202106291/images/headshots/brownko01.jpg
Kobe Bufkin,https://www.basketball-reference.com/players/b/bufkiko01.html,2003-09-21,Atlanta Hawks,https://www.basketball-reference.com/req/202106291/images/headshots/bufkiko01.jpg
Kris Dunn,https://www.basketball-reference.com/players/d/dunnkr01.html,1994-03-18,Los Angeles Clippers,https://www.basketball-reference.com/req/202106291/images/headshots/dunnkr01.jpg
Kris Murray,https://www.basketball-reference.com/players/m/murrakr01.html,2000-08-19,Portland Trail Blazers,https://www.basketball-reference.com/req/202106291/images/headshots/murrakr01.jpg
Kristaps Porziņģis,https://www.basketball-reference.com/players/p/porzikr01.html,1995-08-02,Boston Celtics,https://www.basketball-reference.com/req/202106291/images/headshots/porzikr01.jpg
Kyle Anderson,https://www.basketball-reference.com/players/a/anderky01.html,1993-09-20,Golden State Warriors,https://www.basketball-reference.com/req/202106291/images/headshots/anderky01.jpg
Kyle Filipowski,https://www.basketball-reference.com/players/f/filipky01.html,2003-11-07,Utah Jazz,https://www.basketball-reference.com/req/202106291/images/headshots/filipky01.jpg
Kyle Kuzma,https://www.basketball-reference.com/players/k/kuzmaky01.html,1995-07-24,Washington Wizards,https://www.basketball-reference.com/req/202106291/images/headshots/kuzmaky01.jpg
Kyle Lowry,https://www.basketball-reference.com/players/l/lowryky01.html,1986-03-25,Philadelphia 76ers,https://www.basketball-reference.com/req/202106291/images/headshots/lowryky01.jpg
Kyrie Irving,https://www.basketball-reference.com/players/i/irvinky01.html,1992-03-23,Dallas Mavericks,https://www.basketball-reference.com/req/202106291/images/headshots/irvinky01.jpg
Kyshawn George,https://www.basketball-reference.com/players/g/georgky01.html,2003-12-12,Washington Wizards,https://www.basketball-reference.com/req/202106291/images/headshots/georgky01.jpg
LaMelo Ball,https://www.basketball-reference.com/players/b/ballla01.html,2001-08-22,Charlotte Hornets,https://www.basketball-reference.com/req/202106291/images/headshots/ballla01.jpg
Landry Shamet,https://www.basketball-reference.com/players/s/shamela01.html,1997-03-13,New York Knicks,https://www.basketball-reference.com/req/202106291/images/headshots/shamela01.jpg
Larry Nance Jr.,https://www.basketball-reference.com/players/n/nancela02.html,1993-01-01,Atlanta Hawks,https://www.basketball-reference.com/req/202106291/images/headshots/nancela02.jpg
Lauri Markkanen,https://www.basketball-reference.com/players/m/markkla01.html,1997-05-22,Utah Jazz,https://www.basketball-reference.com/req/202106291/images/headshots/markkla01.jpg
LeBron James,https://www.basketball-reference.com/players/j/jamesle01.html,1984-12-30,Los Angeles Lakers,https://www.basketball-reference.com/req/202106291/images/headshots/jamesle01.jpg
Leonard Miller,https://www.basketball-reference.com/players/m/millele01.html,2003-11-26,Minnesota Timberwolves,https://www.basketball-reference.com/req/202106291/images/headshots/millele01.jpg
Lester Quiñones,https://www.basketball-reference.com/players/q/quinole01.html,2000-11-16,Free Agent / Retired,https://www.basketball-reference.com/req/202106291/images/headshots/quinole01.jpg
Liam Robbins,https://www.basketball-reference.com/players/r/robbili01.html,1999-07-12,Milwaukee Bucks,https://www.basketball-reference.com/req/202106291/images/headshots/robbili01.jpg
Lindy Waters III,https://www.basketball-reference.com/players/w/waterli01.html,1997-07-28,Golden State Warriors,https://www.basketball-reference.com/req/202106291/images/headshots/waterli01.jpg
Lonzo Ball,https://www.basketball-reference.com/players/b/balllo01.html,1997-10-27,Chicago Bulls,https://www.basketball-reference.com/req/202106291/images/headshots/balllo01.jpg
Luguentz Dort,https://www.basketball-reference.com/players/d/dortlu01.html,1999-04-19,Oklahoma City Thunder,https://www.basketball-reference.com/req/202106291/images/headshots/dortlu01.jpg
Luka Dončić,https://www.basketball-reference.com/players/d/doncilu01.html,1999-02-28,Dallas Mavericks,https://www.basketball-reference.com/req/202106291/images/headshots/doncilu01.jpg
Luka Garza,https://www.basketball-reference.com/players/g/garzalu01.html,1998-12-27,Minnesota Timberwolves,https://www.basketball-reference.com/req/202106291/images/headshots/garzalu01.jpg
Luke Kennard,https://www.basketball-reference.com/players/k/kennalu01.html,1996-06-24,Memphis Grizzlies,https://www.basketball-reference.com/req/202106291/images/headshots/kennalu01.jpg
Luke Kornet,https://www.basketball-reference.com/players/k/kornelu01.html,1995-07-15,Boston Celtics,https://www.basketball-reference.com/req/202106291/images/headshots/kornelu01.jpg
Luke Travers,https://www.basketball-reference.com/players/t/travelu01.html,2001-09-03,Cleveland Cavaliers,https://www.basketball-reference.com/req/202106291/images/headshots/travelu01.jpg
Mac McClung,https://www.basketball-reference.com/players/m/mccluma01.html,1999-01-06,Orlando Magic,https://www.basketball-reference.com/req/202106291/images/headshots/mccluma01.jpg
Malaki Branham,https://www.basketball-reference.com/players/b/branhma01.html,2003-05-12,San Antonio Spurs,https://www.basketball-reference.com/req/202106291/images/headshots/branhma01.jpg
Malcolm Brogdon,https://www.basketball-reference.com/players/b/brogdma01.html,1992-12-11,Washington Wizards,https://www.basketball-reference.com/req/202106291/images/headshots/brogdma01.jpg
Malevy Leons,https://www.basketball-reference.com/players/l/leonsma01.html,1999-09-23,Free Agent / Retired,https://www.basketball-reference.com/req/202106291/images/headshots/leonsma01.jpg
Malik Beasley,https://www.basketball-reference.com/players/b/beaslma01.html,1996-11-26,Detroit Pistons,https://www.basketball-reference.com/req/202106291/images/headshots/beaslma01.jpg
Malik Monk,https://www.basketball-reference.com/players/m/monkma01.html,1998-02-04,Sacramento Kings,https://www.basketball-reference.com/req/202106291/images/headshots/monkma01.jpg
MarJon Beauchamp,https://www.basketball-reference.com/players/b/beaucma01.html,2000-10-12,Milwaukee Bucks,https://www.basketball-reference.com/req/202106291/images/headshots/beaucma01.jpg
Marcus Sasser,https://www.basketball-reference.com/players/s/sassema01.html,2000-09-21,Detroit Pistons,https://www.basketball-reference.com/req/202106291/images/headshots/sassema01.jpg
Marcus Smart,https://www.basketball-reference.com/players/s/smartma01.html,1994-03-06,Memphis Grizzlies,https://www.basketball-reference.com/req/202106291/images/headshots/smartma01.jpg
Mark Williams,https://www.basketball-reference.com/players/w/willima07.html,2001-12-16,Charlotte Hornets,https://www.basketball-reference.com/req/202106291/images/headshots/willima07.jpg
Markieff Morris,https://www.basketball-reference.com/players/m/morrima02.html,1989-09-02,Dallas Mavericks,https://www.basketball-reference.com/req/202106291/images/headshots/morrima02.jpg
Marvin Bagley III,https://www.basketball-reference.com/players/b/baglema01.html,1999-03-14,Washington Wizards,https://www.basketball-reference.com/req/202106291/images/headshots/baglema01.jpg
Mason Jones,https://www.basketball-reference.com/players/j/jonesma05.html,1998-07-21,Free Agent / Retired,https://www.basketball-reference.com/req/202106291/images/headshots/jonesma05.jpg
Mason Plumlee,https://www.basketball-reference.com/players/p/plumlma01.html,1990-03-05,Phoenix Suns,https://www.basketball-reference.com/req/202106291/images/headshots/plumlma01.jpg
Matas Buzelis,https://www.basketball-reference.com/players/b/buzelma01.html,2004-10-13,Chicago Bulls,https://www.basketball-reference.com/req/202106291/images/headshots/buzelma01.jpg
Matt Ryan,https://www.basketball-reference.com/players/r/ryanma01.html,1997-04-17,New York Knicks,https://www.basketball-reference.com/req/202106291/images/headshots/ryanma01.jpg
Max Christie,https://www.basketball-reference.com/players/c/chrisma02.html,2003-02-10,Los Angeles Lakers,https://www.basketball-reference.com/req/202106291/images/headshots/chrisma02.jpg
Max Strus,https://www.basketball-reference.com/players/s/strusma01.html,1996-03-28,Cleveland Cavaliers,https://www.basketball-reference.com/req/202106291/images/headshots/strusma01.jpg
Maxi Kleber,https://www.basketball-reference.com/players/k/klebima01.html,1992-01-29,Dallas Mavericks,https://www.basketball-reference.com/req/202106291/images/headshots/klebima01.jpg
Maxwell Lewis,https://www.basketball-reference.com/players/l/lewisma05.html,2002-07-27,Los Angeles Lakers,https://www.basketball-reference.com/req/202106291/images/headshots/lewisma05.jpg
Micah Potter,https://www.basketball-reference.com/players/p/pottemi01.html,1998-04-06,Utah Jazz,https://www.basketball-reference.com/req/202106291/images/headshots/pottemi01.jpg
Michael Porter Jr.,https://www.basketball-reference.com/players/p/portemi01.html,1998-06-29,Denver Nuggets,https://www.basketball-reference.com/req/202106291/images/headshots/portemi01.jpg
Mikal Bridges,https://www.basketball-reference.com/players/b/bridgmi01.html,1996-08-30,New York Knicks,https://www.basketball-reference.com/req/202106291/images/headshots/bridgmi01.jpg
Mike Conley,https://www.basketball-reference.com/players/c/conlemi01.html,1987-10-11,Minnesota Timberwolves,https://www.basketball-reference.com/req/202106291/images/headshots/conlemi01.jpg
Miles Bridges,https://www.basketball-reference.com/players/b/bridgmi02.html,1998-03-21,Charlotte Hornets,https://www.basketball-reference.com/req/202106291/images/headshots/bridgmi02.jpg
Miles McBride,https://www.basketball-reference.com/players/m/mcbrimi01.html,2000-09-08,New York Knicks,https://www.basketball-reference.com/req/202106291/images/headshots/mcbrimi01.jpg
Mo Bamba,https://www.basketball-reference.com/players/b/bambamo01.html,1998-05-12,Los Angeles Clippers,https://www.basketball-reference.com/req/202106291/images/headshots/bambamo01.jpg
Monte Morris,https://www.basketball-reference.com/players/m/morrimo01.html,1995-06-27,Phoenix Suns,https://www.basketball-reference.com/req/202106291/images/headshots/morrimo01.jpg
Moritz Wagner,https://www.basketball-reference.com/players/w/wagnemo01.html,1997-04-26,Orlando Magic,https://www.basketball-reference.com/req/202106291/images/headshots/wagnemo01.jpg
Moses Brown,https://www.basketball-reference.com/players/b/brownmo01.html,1999-10-13,Free Agent / Retired,https://www.basketball-reference.com/req/202106291/images/headshots/brownmo01.jpg
Moses Moody,https://www.basketball-reference.com/players/m/moodymo01.html,2002-05-31,Golden State Warriors,https://www.basketball-reference.com/req/202106291/images/headshots/moodymo01.jpg
Mouhamed Gueye,https://www.basketball-reference.com/players/g/gueyemo02.html,2002-11-09,Atlanta Hawks,https://www.basketball-reference.com/req/202106291/images/headshots/gueyemo02.jpg
Moussa Diabaté,https://www.basketball-reference.com/players/d/diabamo01.html,2002-01-21,Charlotte Hornets,https://www.basketball-reference.com/req/202106291/images/headshots/diabamo01.jpg
Myles Turner,https://www.basketball-reference.com/players/t/turnemy01.html,1996-03-24,Indiana Pacers,https://www.basketball-reference.com/req/202106291/images/headshots/turnemy01.jpg
Naji Marshall,https://www.basketball-reference.com/players/m/marshna01.html,1998-01-24,Dallas Mavericks,https://www.basketball-reference.com/req/202106291/images/headshots/marshna01.jpg
Naz Reid,https://www.basketball-reference.com/players/r/reidna01.html,1999-08-26,Minnesota Timberwolves,https://www.basketball-reference.com/req/202106291/images/headshots/reidna01.jpg
Neemias Queta,https://www.basketball-reference.com/players/q/quetane01.html,1999-07-13,Boston Celtics,https://www.basketball-reference.com/req/202106291/images/headshots/quetane01.jpg
Nic Claxton,https://www.basketball-reference.com/players/c/claxtni01.html,1999-04-17,Brooklyn Nets,https://www.basketball-reference.com/req/202106291/images/headshots/claxtni01.jpg
Nick Richards,https://www.basketball-reference.com/players/r/richani01.html,1997-11-29,Charlotte Hornets,https://www.basketball-reference.com/req/202106291/images/headshots/richani01.jpg
Nick Smith Jr.,https://www.basketball-reference.com/players/s/smithni01.html,2004-04-18,Charlotte Hornets,https://www.basketball-reference.com/req/202106291/images/headshots/smithni01.jpg
Nickeil Alexander-Walker,https://www.basketball-reference.com/players/a/alexani01.html,1998-09-02,Minnesota Timberwolves,https://www.basketball-reference.com/req/202106291/images/headshots/alexani01.jpg
Nicolas Batum,https://www.basketball-reference.com/players/b/batumni01.html,1988-12-14,Los Angeles Clippers,https://www.basketball-reference.com/req/202106291/images/headshots/batumni01.jpg
Nikola Jokić,https://www.basketball-reference.com/players/j/jokicni01.html,1995-02-19,Denver Nuggets,https://www.basketball-reference.com/req/202106291/images/headshots/jokicni01.jpg
Nikola Jović,https://www.basketball-reference.com/players/j/jovicni01.html,2003-06-09,Miami Heat,https://www.basketball-reference.com/req/202106291/images/headshots/jovicni01.jpg
Nikola Vučević,https://www.basketball-reference.com/players/v/vucevni01.html,1990-10-24,Chicago Bulls,https://www.basketball-reference.com/req/202106291/images/headshots/vucevni01.jpg
Noah Clowney,https://www.basketball-reference.com/players/c/clownno01.html,2004-07-14,Brooklyn Nets,https://www.basketball-reference.com/req/202106291/images/headshots/clownno01.jpg
Norman Powell,https://www.basketball-reference.com/players/p/powelno01.html,1993-05-25,Los Angeles Clippers,https://www.basketball-reference.com/req/202106291/images/headshots/powelno01.jpg
OG Anunoby,https://www.basketball-reference.com/players/a/anunoog01.html,1997-07-17,New York Knicks,https://www.basketball-reference.com/req/202106291/images/headshots/anunoog01.jpg
Obi Toppin,https://www.basketball-reference.com/players/t/toppiob01.html,1998-03-04,Indiana Pacers,https://www.basketball-reference.com/req/202106291/images/headshots/toppiob01.jpg
Ochai Agbaji,https://www.basketball-reference.com/players/a/agbajoc01.html,2000-04-20,Toronto Raptors,https://www.basketball-reference.com/req/202106291/images/headshots/agbajoc01.jpg
Olivier-Maxence Prosper,https://www.basketball-reference.com/players/p/prospol01.html,2002-07-03,Dallas Mavericks,https://www.basketball-reference.com/req/202106291/images/headshots/prospol01.jpg
Onyeka Okongwu,https://www.basketball-reference.com/players/o/okongon01.html,2000-12-11,Atlanta Hawks,https://www.basketball-reference.com/req/202106291/images/headshots/okongon01.jpg
Orlando Robinson,https://www.basketball-reference.com/players/r/robinor01.html,2000-07-10,Sacramento Kings,https://www.basketball-reference.com/req/202106291/images/headshots/robinor01.jpg
Oscar Tshiebwe,https://www.basketball-reference.com/players/t/tshieos01.html,1999-11-27,Utah Jazz,https://www.basketball-reference.com/req/202106291/images/headshots/tshieos01.jpg
Oso Ighodaro,https://www.basketball-reference.com/players/i/ighodos01.html,2002-07-14,Phoenix Suns,https://www.basketball-reference.com/req/202106291/images/headshots/ighodos01.jpg
Ousmane Dieng,https://www.basketball-reference.com/players/d/diengou01.html,2003-05-21,Oklahoma City Thunder,https://www.basketball-reference.com/req/202106291/images/headshots/diengou01.jpg
P.J. Washington,https://www.basketball-reference.com/players/w/washipj01.html,1998-08-23,Dallas Mavericks,https://www.basketball-reference.com/req/202106291/images/headshots/washipj01.jpg
PJ Dozier,https://www.basketball-reference.com/players/d/doziepj01.html,1996-10-25,Minnesota Timberwolves,https://www.basketball-reference.com/req/202106291/images/headshots/doziepj01.jpg
PJ Hall,https://www.basketball-reference.com/players/h/hallpj01.html,2002-02-21,Denver Nuggets,https://www.basketball-reference.com/req/202106291/images/headshots/hallpj01.jpg
Pacome Dadiet,https://www.basketball-reference.com/players/d/dadiepa01.html,2005-07-27,New York Knicks,https://www.basketball-reference.com/req/202106291/images/headshots/dadiepa01.jpg
Paolo Banchero,https://www.basketball-reference.com/players/b/banchpa01.html,2002-11-12,Orlando Magic,https://www.basketball-reference.com/req/202106291/images/headshots/banchpa01.jpg
Pascal Siakam,https://www.basketball-reference.com/players/s/siakapa01.html,1994-04-02,Indiana Pacers,https://www.basketball-reference.com/req/202106291/images/headshots/siakapa01.jpg
Pat Connaughton,https://www.basketball-reference.com/players/c/connapa01.html,1993-01-06,Milwaukee Bucks,https://www.basketball-reference.com/req/202106291/images/headshots/connapa01.jpg
Pat Spencer,https://www.basketball-reference.com/players/s/spencpa01.html,1996-07-04,Golden State Warriors,https://www.basketball-reference.com/req/202106291/images/headshots/spencpa01.jpg
Patrick Baldwin Jr.,https://www.basketball-reference.com/players/b/baldwpa01.html,2002-11-18,Washington Wizards,https://www.basketball-reference.com/req/202106291/images/headshots/baldwpa01.jpg
Patrick Williams,https://www.basketball-reference.com/players/w/willipa01.html,2001-08-26,Chicago Bulls,https://www.basketball-reference.com/req/202106291/images/headshots/willipa01.jpg
Patty Mills,https://www.basketball-reference.com/players/m/millspa02.html,1988-08-11,Utah Jazz,https://www.basketball-reference.com/req/202106291/images/headshots/millspa02.jpg
Paul George,https://www.basketball-reference.com/players/g/georgpa01.html,1990-05-02,Philadelphia 76ers,https://www.basketball-reference.com/req/202106291/images/headshots/georgpa01.jpg
Paul Reed,https://www.basketball-reference.com/players/r/reedpa01.html,1999-06-14,Detroit Pistons,https://www.basketball-reference.com/req/202106291/images/headshots/reedpa01.jpg
Payton Pritchard,https://www.basketball-reference.com/players/p/pritcpa01.html,1998-01-28,Boston Celtics,https://www.basketball-reference.com/req/202106291/images/headshots/pritcpa01.jpg
Pelle Larsson,https://www.basketball-reference.com/players/l/larsspe01.html,2001-02-23,Miami Heat,https://www.basketball-reference.com/req/202106291/images/headshots/larsspe01.jpg
Pete Nance,https://www.basketball-reference.com/players/n/nancepe01.html,2000-02-19,Philadelphia 76ers,https://www.basketball-reference.com/req/202106291/images/headshots/nancepe01.jpg
Peyton Watson,https://www.basketball-reference.com/players/w/watsope01.html,2002-09-11,Denver Nuggets,https://www.basketball-reference.com/req/202106291/images/headshots/watsope01.jpg
Precious Achiuwa,https://www.basketball-reference.com/players/a/achiupr01.html,1999-09-19,New York Knicks,https://www.basketball-reference.com/req/202106291/images/headshots/achiupr01.jpg
Quentin Grimes,https://www.basketball-reference.com/players/g/grimequ01.html,2000-05-08,Dallas Mavericks,https://www.basketball-reference.com/req/202106291/images/headshots/grimequ01.jpg
Quenton Jackson,https://www.basketball-reference.com/players/j/jacksqu01.html,1998-09-15,Indiana Pacers,https://www.basketball-reference.com/req/202106291/images/headshots/jacksqu01.jpg
Quincy Olivari,https://www.basketball-reference.com/players/o/olivaqu01.html,2001-05-27,Los Angeles Lakers,https://www.basketball-reference.com/req/202106291/images/headshots/olivaqu01.jpg
Quinten Post,https://www.basketball-reference.com/players/p/postqu01.html,2000-03-21,Golden State Warriors,https://www.basketball-reference.com/req/202106291/images/headshots/postqu01.jpg
RJ Barrett,https://www.basketball-reference.com/players/b/barrerj01.html,2000-06-14,Toronto Raptors,https://www.basketball-reference.com/req/202106291/images/headshots/barrerj01.jpg
Rayan Rupert,https://www.basketball-reference.com/players/r/ruperra01.html,2004-05-31,Portland Trail Blazers,https://www.basketball-reference.com/req/202106291/images/headshots/ruperra01.jpg
Reece Beekman,https://www.basketball-reference.com/players/b/beekmre01.html,2001-10-08,Golden State Warriors,https://www.basketball-reference.com/req/202106291/images/headshots/beekmre01.jpg
Reed Sheppard,https://www.basketball-reference.com/players/s/sheppre01.html,2004-06-24,Houston Rockets,https://www.basketball-reference.com/req/202106291/images/headshots/sheppre01.jpg
Reggie Jackson,https://www.basketball-reference.com/players/j/jacksre01.html,1990-04-16,Philadelphia 76ers,https://www.basketball-reference.com/req/202106291/images/headshots/jacksre01.jpg
Richaun Holmes,https://www.basketball-reference.com/players/h/holmeri01.html,1993-10-15,Washington Wizards,https://www.basketball-reference.com/req/202106291/images/headshots/holmeri01.jpg
Ricky Council IV,https://www.basketball-reference.com/players/c/councri01.html,2001-08-03,Philadelphia 76ers,https://www.basketball-reference.com/req/202106291/images/headshots/councri01.jpg
Riley Minix,https://www.basketball-reference.com/players/m/minixri01.html,2000-09-22,San Antonio Spurs,https://www.basketball-reference.com/req/202106291/images/headshots/minixri01.jpg
Rob Dillingham,https://www.basketball-reference.com/players/d/dilliro01.html,2005-01-04,Minnesota Timberwolves,https://www.basketball-reference.com/req/202106291/images/headshots/dilliro01.jpg
Robert Williams,https://www.basketball-reference.com/players/w/williro04.html,1997-10-17,Portland Trail Blazers,https://www.basketball-reference.com/req/202106291/images/headshots/williro04.jpg
Ron Holland,https://www.basketball-reference.com/players/h/hollaro01.html,2005-07-07,Detroit Pistons,https://www.basketball-reference.com/req/202106291/images/headshots/hollaro01.jpg
Royce O'Neale,https://www.basketball-reference.com/players/o/onealro01.html,1993-06-05,Phoenix Suns,https://www.basketball-reference.com/req/202106291/images/headshots/onealro01.jpg
Rudy Gobert,https://www.basketball-reference.com/players/g/goberru01.html,1992-06-26,Minnesota Timberwolves,https://www.basketball-reference.com/req/202106291/images/headshots/goberru01.jpg
Rui Hachimura,https://www.basketball-reference.com/players/h/hachiru01.html,1998-02-08,Los Angeles Lakers,https://www.basketball-reference.com/req/202106291/images/headshots/hachiru01.jpg
Russell Westbrook,https://www.basketball-reference.com/players/w/westbru01.html,1988-11-12,Denver Nuggets,https://www.basketball-reference.com/req/202106291/images/headshots/westbru01.jpg
Ryan Dunn,https://www.basketball-reference.com/players/d/dunnry01.html,2003-01-07,Phoenix Suns,https://www.basketball-reference.com/req/202106291/images/headshots/dunnry01.jpg
Ryan Rollins,https://www.basketball-reference.com/players/r/rolliry01.html,2002-07-03,Free Agent / Retired,https://www.basketball-reference.com/req/202106291/images/headshots/rolliry01.jpg
Sam Hauser,https://www.basketball-reference.com/players/h/hausesa01.html,1997-12-08,Boston Celtics,https://www.basketball-reference.com/req/202106291/images/headshots/hausesa01.jpg
Sam Merrill,https://www.basketball-reference.com/players/m/merrisa01.html,1996-05-15,Cleveland Cavaliers,https://www.basketball-reference.com/req/202106291/images/headshots/merrisa01.jpg
Sandro Mamukelashvili,https://www.basketball-reference.com/players/m/mamuksa01.html,1999-05-23,San Antonio Spurs,https://www.basketball-reference.com/req/202106291/images/headshots/mamuksa01.jpg
Santi Aldama,https://www.basketball-reference.com/players/a/aldamsa01.html,2001-01-10,Memphis Grizzlies,https://www.basketball-reference.com/req/202106291/images/headshots/aldamsa01.jpg
Scoot Henderson,https://www.basketball-reference.com/players/h/hendesc01.html,2004-02-03,Portland Trail Blazers,https://www.basketball-reference.com/req/202106291/images/headshots/hendesc01.jpg
Scottie Barnes,https://www.basketball-reference.com/players/b/barnesc01.html,2001-08-01,Toronto Raptors,https://www.basketball-reference.com/req/202106291/images/headshots/barnesc01.jpg
Scotty Pippen Jr.,https://www.basketball-reference.com/players/p/pippesc02.html,2000-11-10,Memphis Grizzlies,https://www.basketball-reference.com/req/202106291/images/headshots/pippesc02.jpg
Seth Curry,https://www.basketball-reference.com/players/c/curryse01.html,1990-08-23,Charlotte Hornets,https://www.basketball-reference.com/req/202106291/images/headshots/curryse01.jpg
Shaedon Sharpe,https://www.basketball-reference.com/players/s/sharpsh01.html,2003-05-30,Portland Trail Blazers,https://www.basketball-reference.com/req/202106291/images/headshots/sharpsh01.jpg
Shai Gilgeous-Alexander,https://www.basketball-reference.com/players/g/gilgesh01.html,1998-07-12,Oklahoma City Thunder,https://www.basketball-reference.com/req/202106291/images/headshots/gilgesh01.jpg
Shake Milton,https://www.basketball-reference.com/players/m/miltosh01.html,1996-09-26,Brooklyn Nets,https://www.basketball-reference.com/req/202106291/images/headshots/miltosh01.jpg
Sidy Cissoko,https://www.basketball-reference.com/players/c/cissosi01.html,2004-04-02,San Antonio Spurs,https://www.basketball-reference.com/req/202106291/images/headshots/cissosi01.jpg
Simone Fontecchio,https://www.basketball-reference.com/players/f/fontesi01.html,1995-12-09,Detroit Pistons,https://www.basketball-reference.com/req/202106291/images/headshots/fontesi01.jpg
Spencer Dinwiddie,https://www.basketball-reference.com/players/d/dinwisp01.html,1993-04-06,Dallas Mavericks,https://www.basketball-reference.com/req/202106291/images/headshots/dinwisp01.jpg
Spencer Jones,https://www.basketball-reference.com/players/j/jonessp01.html,2001-06-14,Denver Nuggets,https://www.basketball-reference.com/req/202106291/images/headshots/jonessp01.jpg
Stanley Umude,https://www.basketball-reference.com/players/u/umudest01.html,1999-04-12,Milwaukee Bucks,https://www.basketball-reference.com/req/202106291/images/headshots/umudest01.jpg
Stephen Curry,https://www.basketball-reference.com/players/c/curryst01.html,1988-03-14,Golden State Warriors,https://www.basketball-reference.com/req/202106291/images/headshots/curryst01.jpg
Stephon Castle,https://www.basketball-reference.com/players/c/castlst01.html,2004-11-01,San Antonio Spurs,https://www.basketball-reference.com/req/202106291/images/headshots/castlst01.jpg
Steven Adams,https://www.basketball-reference.com/players/a/adamsst01.html,1993-07-20,Houston Rockets,https://www.basketball-reference.com/req/202106291/images/headshots/adamsst01.jpg
Svi Mykhailiuk,https://www.basketball-reference.com/players/m/mykhasv01.html,1997-06-10,Utah Jazz,https://www.basketball-reference.com/req/202106291/images/headshots/mykhasv01.jpg
T.J. McConnell,https://www.basketball-reference.com/players/m/mccontj01.html,1992-03-25,Indiana Pacers,https://www.basketball-reference.com/req/202106291/images/headshots/mccontj01.jpg
Taj Gibson,https://www.basketball-reference.com/players/g/gibsota01.html,1985-06-24,Charlotte Hornets,https://www.basketball-reference.com/req/202106291/images/headshots/gibsota01.jpg
Talen Horton-Tucker,https://www.basketball-reference.com/players/h/hortota01.html,2000-11-25,Chicago Bulls,https://www.basketball-reference.com/req/202106291/images/headshots/hortota01.jpg
Tari Eason,https://www.basketball-reference.com/players/e/easonta01.html,2001-05-10,Houston Rockets,https://www.basketball-reference.com/req/202106291/images/headshots/easonta01.jpg
Taurean Prince,https://www.basketball-reference.com/players/p/princta02.html,1994-03-22,Milwaukee Bucks,https://www.basketball-reference.com/req/202106291/images/headshots/princta02.jpg
Taylor Hendricks,https://www.basketball-reference.com/players/h/hendrita01.html,2003-11-22,Utah Jazz,https://www.basketball-reference.com/req/202106291/images/headshots/hendrita01.jpg
Taze Moore,https://www.basketball-reference.com/players/m/mooreta02.html,1998-06-29,Portland Trail Blazers,https://www.basketball-reference.com/req/202106291/images/headshots/mooreta02.jpg
Terance Mann,https://www.basketball-reference.com/players/m/mannte01.html,1996-10-18,Los Angeles Clippers,https://www.basketball-reference.com/req/202106291/images/headshots/mannte01.jpg
Terrence Shannon Jr.,https://www.basketball-reference.com/players/s/shannte01.html,2000-07-30,Minnesota Timberwolves,https://www.basketball-reference.com/req/202106291/images/headshots/shannte01.jpg
Terry Rozier,https://www.basketball-reference.com/players/r/roziete01.html,1994-03-17,Miami Heat,https://www.basketball-reference.com/req/202106291/images/headshots/roziete01.jpg
Thomas Bryant,https://www.basketball-reference.com/players/b/bryanth01.html,1997-07-31,Indiana Pacers,https://www.basketball-reference.com/req/202106291/images/headshots/bryanth01.jpg
Tidjane Salaün,https://www.basketball-reference.com/players/s/salauti01.html,2005-08-10,Charlotte Hornets,https://www.basketball-reference.com/req/202106291/images/headshots/salauti01.jpg
Tim Hardaway Jr.,https://www.basketball-reference.com/players/h/hardati02.html,1992-03-16,Detroit Pistons,https://www.basketball-reference.com/req/202106291/images/headshots/hardati02.jpg
Tobias Harris,https://www.basketball-reference.com/players/h/harrito02.html,1992-07-15,Detroit Pistons,https://www.basketball-reference.com/req/202106291/images/headshots/harrito02.jpg
Torrey Craig,https://www.basketball-reference.com/players/c/craigto01.html,1990-12-19,Chicago Bulls,https://www.basketball-reference.com/req/202106291/images/headshots/craigto01.jpg
Tosan Evbuomwan,https://www.basketball-reference.com/players/e/evbuoto01.html,2001-02-16,Free Agent / Retired,https://www.basketball-reference.com/req/202106291/images/headshots/evbuoto01.jpg
Toumani Camara,https://www.basketball-reference.com/players/c/camarto01.html,2000-05-08,Portland Trail Blazers,https://www.basketball-reference.com/req/202106291/images/headshots/camarto01.jpg
Trae Young,https://www.basketball-reference.com/players/y/youngtr01.html,1998-09-19,Atlanta Hawks,https://www.basketball-reference.com/req/202106291/images/headshots/youngtr01.jpg
Trayce Jackson-Davis,https://www.basketball-reference.com/players/j/jackstr02.html,2000-02-22,Golden State Warriors,https://www.basketball-reference.com/req/202106291/images/headshots/jackstr02.jpg
Tre Jones,https://www.basketball-reference.com/players/j/jonestr01.html,2000-01-08,San Antonio Spurs,https://www.basketball-reference.com/req/202106291/images/headshots/jonestr01.jpg
Tre Mann,https://www.basketball-reference.com/players/m/manntr01.html,2001-02-03,Charlotte Hornets,https://www.basketball-reference.com/req/202106291/images/headshots/manntr01.jpg
Trendon Watford,https://www.basketball-reference.com/players/w/watfotr01.html,2000-11-09,Brooklyn Nets,https://www.basketball-reference.com/req/202106291/images/headshots/watfotr01.jpg
Trentyn Flowers,https://www.basketball-reference.com/players/f/flowetr01.html,2005-03-08,Los Angeles Clippers,https://www.basketball-reference.com/req/202106291/images/headshots/flowetr01.jpg
Trevelin Queen,https://www.basketball-reference.com/players/q/queentr01.html,1997-02-25,Orlando Magic,https://www.basketball-reference.com/req/202106291/images/headshots/queentr01.jpg
Trey Alexander,https://www.basketball-reference.com/players/a/alexatr01.html,2003-05-02,Denver Nuggets,https://www.basketball-reference.com/req/202106291/images/headshots/alexatr01.jpg
Trey Jemison,https://www.basketball-reference.com/players/j/jemistr01.html,1999-11-28,New Orleans Pelicans,https://www.basketball-reference.com/req/202106291/images/headshots/jemistr01.jpg
Trey Lyles,https://www.basketball-reference.com/players/l/lylestr01.html,1995-11-05,Sacramento Kings,https://www.basketball-reference.com/req/202106291/images/headshots/lylestr01.jpg
Trey Murphy III,https://www.basketball-reference.com/players/m/murphtr02.html,2000-06-18,New Orleans Pelicans,https://www.basketball-reference.com/req/202106291/images/headshots/murphtr02.jpg
Tristan Da Silva,https://www.basketball-reference.com/players/d/dasiltr01.html,2001-05-15,Orlando Magic,https://www.basketball-reference.com/req/202106291/images/headshots/dasiltr01.jpg
Tristan Thompson,https://www.basketball-reference.com/players/t/thomptr01.html,1991-03-13,Cleveland Cavaliers,https://www.basketball-reference.com/req/202106291/images/headshots/thomptr01.jpg
Tristan Vukcevic,https://www.basketball-reference.com/players/v/vukcetr01.html,2003-03-11,Washington Wizards,https://www.basketball-reference.com/req/202106291/images/headshots/vukcetr01.jpg
Tristen Newton,https://www.basketball-reference.com/players/n/newtotr01.html,2001-04-26,Indiana Pacers,https://www.basketball-reference.com/req/202106291/images/headshots/newtotr01.jpg
Ty Jerome,https://www.basketball-reference.com/players/j/jeromty01.html,1997-07-08,Cleveland Cavaliers,https://www.basketball-reference.com/req/202106291/images/headshots/jeromty01.jpg
TyTy Washington Jr.,https://www.basketball-reference.com/players/w/washity02.html,2001-11-15,Phoenix Suns,https://www.basketball-reference.com/req/202106291/images/headshots/washity02.jpg
Tyler Herro,https://www.basketball-reference.com/players/h/herroty01.html,2000-01-20,Miami Heat,https://www.basketball-reference.com/req/202106291/images/headshots/herroty01.jpg
Tyler Kolek,https://www.basketball-reference.com/players/k/kolekty01.html,2001-03-27,New York Knicks,https://www.basketball-reference.com/req/202106291/images/headshots/kolekty01.jpg
Tyler Smith,https://www.basketball-reference.com/players/s/smithty02.html,2004-11-02,Milwaukee Bucks,https://www.basketball-reference.com/req/202106291/images/headshots/smithty02.jpg
Tyrese Haliburton,https://www.basketball-reference.com/players/h/halibty01.html,2000-02-29,Indiana Pacers,https://www.basketball-reference.com/req/202106291/images/headshots/halibty01.jpg
Tyrese Martin,https://www.basketball-reference.com/players/m/martity01.html,1999-03-07,Brooklyn Nets,https://www.basketball-reference.com/req/202106291/images/headshots/martity01.jpg
Tyrese Maxey,https://www.basketball-reference.com/players/m/maxeyty01.html,2000-11-04,Philadelphia 76ers,https://www.basketball-reference.com/req/202106291/images/headshots/maxeyty01.jpg
Tyus Jones,https://www.basketball-reference.com/players/j/jonesty01.html,1996-05-10,Phoenix Suns,https://www.basketball-reference.com/req/202106291/images/headshots/jonesty01.jpg
Ulrich Chomche,https://www.basketball-reference.com/players/c/chomcul01.html,2005-12-30,Toronto Raptors,https://www.basketball-reference.com/req/202106291/images/headshots/chomcul01.jpg
Vasilije Micić,https://www.basketball-reference.com/players/m/micicva01.html,1994-01-13,Charlotte Hornets,https://www.basketball-reference.com/req/202106291/images/headshots/micicva01.jpg
Victor Wembanyama,https://www.basketball-reference.com/players/w/wembavi01.html,2004-01-04,San Antonio Spurs,https://www.basketball-reference.com/req/202106291/images/headshots/wembavi01.jpg
Vince Williams Jr.,https://www.basketball-reference.com/players/w/willivi01.html,2000-08-30,Memphis Grizzlies,https://www.basketball-reference.com/req/202106291/images/headshots/willivi01.jpg
Vit Krejci,https://www.basketball-reference.com/players/k/krejcvi01.html,2000-06-19,Atlanta Hawks,https://www.basketball-reference.com/req/202106291/images/headshots/krejcvi01.jpg
Vlatko Čančar,https://www.basketball-reference.com/players/c/cancavl01.html,1997-04-10,Denver Nuggets,https://www.basketball-reference.com/req/202106291/images/headshots/cancavl01.jpg
Walker Kessler,https://www.basketball-reference.com/players/k/kesslwa01.html,2001-07-26,Utah Jazz,https://www.basketball-reference.com/req/202106291/images/headshots/kesslwa01.jpg
Wendell Carter Jr.,https://www.basketball-reference.com/players/c/cartewe01.html,1999-04-16,Orlando Magic,https://www.basketball-reference.com/req/202106291/images/headshots/cartewe01.jpg
Wendell Moore Jr.,https://www.basketball-reference.com/players/m/moorewe01.html,2001-09-18,Detroit Pistons,https://www.basketball-reference.com/req/202106291/images/headshots/moorewe01.jpg
Xavier Tillman Sr.,https://www.basketball-reference.com/players/t/tillmxa01.html,1999-01-12,Boston Celtics,https://www.basketball-reference.com/req/202106291/images/headshots/tillmxa01.jpg
Yuki Kawamura,https://www.basketball-reference.com/players/k/kawamyu01.html,2001-05-02,Memphis Grizzlies,https://www.basketball-reference.com/req/202106291/images/headshots/kawamyu01.jpg
Yves Missi,https://www.basketball-reference.com/players/m/missiyv01.html,2004-05-14,New Orleans Pelicans,https://www.basketball-reference.com/req/202106291/images/headshots/missiyv01.jpg
Zaccharie Risacher,https://www.basketball-reference.com/players/r/risacza01.html,2005-04-08,Atlanta Hawks,https://www.basketball-reference.com/req/202106291/images/headshots/risacza01.jpg
Zach Collins,https://www.basketball-reference.com/players/c/colliza01.html,1997-11-19,San Antonio Spurs,https://www.basketball-reference.com/req/202106291/images/headshots/colliza01.jpg
Zach Edey,https://www.basketball-reference.com/players/e/edeyza01.html,2002-05-14,Memphis Grizzlies,https://www.basketball-reference.com/req/202106291/images/headshots/edeyza01.jpg
Zach LaVine,https://www.basketball-reference.com/players/l/lavinza01.html,1995-03-10,Chicago Bulls,https://www.basketball-reference.com/req/202106291/images/headshots/lavinza01.jpg
Zeke Nnaji,https://www.basketball-reference.com/players/n/nnajize01.html,2001-01-09,Denver Nuggets,https://www.basketball-reference.com/req/202106291/images/headshots/nnajize01.jpg
Ziaire Williams,https://www.basketball-reference.com/players/w/willizi02.html,2001-09-12,Brooklyn Nets,https://www.basketball-reference.com/req/202106291/images/headshots/willizi02.jpg
Zion Williamson,https://www.basketball-reference.com/players/w/willizi01.html,2000-07-06,New Orleans Pelicans,https://www.basketball-reference.com/req/202106291/images/headshots/willizi01.jpg
,,,,
