Player Name,Player Link
A.J. Green,https://www.basketball-reference.com/players/g/greenaj01.html
A.J. Lawson,https://www.basketball-reference.com/players/l/lawsoaj01.html
A.J. Lawson,https://www.basketball-reference.com/players/l/lawsoaj01.html
A.J. Lawson,https://www.basketball-reference.com/players/l/lawsoaj01.html
AJ Griffin,https://www.basketball-reference.com/players/g/griffaj01.html
Aaron Gordon,https://www.basketball-reference.com/players/g/gordoaa01.html
Aaron Gordon,https://www.basketball-reference.com/players/g/gordoaa01.html
Aaron Holiday,https://www.basketball-reference.com/players/h/holidaa01.html
Aaron Holiday,https://www.basketball-reference.com/players/h/holidaa01.html
Aaron Nesmith,https://www.basketball-reference.com/players/n/nesmiaa01.html
Aaron Wiggins,https://www.basketball-reference.com/players/w/wiggiaa01.html
Admiral Schofield,https://www.basketball-reference.com/players/s/schofad01.html
Al Horford,https://www.basketball-reference.com/players/h/horfoal01.html
Al Horford,https://www.basketball-reference.com/players/h/horfoal01.html
Alec Burks,https://www.basketball-reference.com/players/b/burksal01.html
Aleksej Pokusevski,https://www.basketball-reference.com/players/p/pokusal01.html
Alex Caruso,https://www.basketball-reference.com/players/c/carusal01.html
Alex Len,https://www.basketball-reference.com/players/l/lenal01.html
Alex Len,https://www.basketball-reference.com/players/l/lenal01.html
Alize Johnson,https://www.basketball-reference.com/players/j/johnsal02.html
Alondes Williams,https://www.basketball-reference.com/players/w/willial06.html
Alperen Sengun,https://www.basketball-reference.com/players/s/sengual01.html
Amir Coffey,https://www.basketball-reference.com/players/c/coffeam01.html
Amir Coffey,https://www.basketball-reference.com/players/c/coffeam01.html
Andre Drummond,https://www.basketball-reference.com/players/d/drumman01.html
Andre Iguodala,https://www.basketball-reference.com/players/i/iguodan01.html
Andrew Nembhard,https://www.basketball-reference.com/players/n/nembhan01.html
Andrew Wiggins,https://www.basketball-reference.com/players/w/wiggian01.html
Andrew Wiggins,https://www.basketball-reference.com/players/w/wiggian01.html
Anfernee Simons,https://www.basketball-reference.com/players/s/simonan01.html
Anthony Davis,https://www.basketball-reference.com/players/d/davisan02.html
Anthony Davis,https://www.basketball-reference.com/players/d/davisan02.html
Anthony Edwards,https://www.basketball-reference.com/players/e/edwaran01.html
Anthony Edwards,https://www.basketball-reference.com/players/e/edwaran01.html
Anthony Gill,https://www.basketball-reference.com/players/g/gillan01.html
Anthony Lamb,https://www.basketball-reference.com/players/l/lamban01.html
Anthony Lamb,https://www.basketball-reference.com/players/l/lamban01.html
Austin Reaves,https://www.basketball-reference.com/players/r/reaveau01.html
Austin Reaves,https://www.basketball-reference.com/players/r/reaveau01.html
Austin Rivers,https://www.basketball-reference.com/players/r/riverau01.html
Austin Rivers,https://www.basketball-reference.com/players/r/riverau01.html
Ayo Dosunmu,https://www.basketball-reference.com/players/d/dosunay01.html
Bam Adebayo,https://www.basketball-reference.com/players/a/adebaba01.html
Bam Adebayo,https://www.basketball-reference.com/players/a/adebaba01.html
Ben Simmons,https://www.basketball-reference.com/players/s/simmobe01.html
Bennedict Mathurin,https://www.basketball-reference.com/players/m/mathube01.html
Bismack Biyombo,https://www.basketball-reference.com/players/b/biyombi01.html
Bismack Biyombo,https://www.basketball-reference.com/players/b/biyombi01.html
Blake Griffin,https://www.basketball-reference.com/players/g/griffbl01.html
Blake Griffin,https://www.basketball-reference.com/players/g/griffbl01.html
Blake Wesley,https://www.basketball-reference.com/players/w/weslebl01.html
Boban Marjanović,https://www.basketball-reference.com/players/m/marjabo01.html
Bobby Portis,https://www.basketball-reference.com/players/p/portibo01.html
Bobby Portis,https://www.basketball-reference.com/players/p/portibo01.html
Bogdan Bogdanović,https://www.basketball-reference.com/players/b/bogdabo01.html
Bogdan Bogdanović,https://www.basketball-reference.com/players/b/bogdabo01.html
Bojan Bogdanović,https://www.basketball-reference.com/players/b/bogdabo02.html
Bol Bol,https://www.basketball-reference.com/players/b/bolbo01.html
Bones Hyland,https://www.basketball-reference.com/players/h/hylanbo01.html
Bones Hyland,https://www.basketball-reference.com/players/h/hylanbo01.html
Bones Hyland,https://www.basketball-reference.com/players/h/hylanbo01.html
Bones Hyland,https://www.basketball-reference.com/players/h/hylanbo01.html
Bradley Beal,https://www.basketball-reference.com/players/b/bealbr01.html
Brandon Boston Jr.,https://www.basketball-reference.com/players/b/bostobr01.html
Brandon Boston Jr.,https://www.basketball-reference.com/players/b/bostobr01.html
Brandon Clarke,https://www.basketball-reference.com/players/c/clarkbr01.html
Brandon Ingram,https://www.basketball-reference.com/players/i/ingrabr01.html
Braxton Key,https://www.basketball-reference.com/players/k/keybr01.html
Brook Lopez,https://www.basketball-reference.com/players/l/lopezbr01.html
Brook Lopez,https://www.basketball-reference.com/players/l/lopezbr01.html
Bruce Brown,https://www.basketball-reference.com/players/b/brownbr01.html
Bruce Brown,https://www.basketball-reference.com/players/b/brownbr01.html
Bruno Fernando,https://www.basketball-reference.com/players/f/fernabr01.html
Bruno Fernando,https://www.basketball-reference.com/players/f/fernabr01.html
Bruno Fernando,https://www.basketball-reference.com/players/f/fernabr01.html
Bryce McGowens,https://www.basketball-reference.com/players/m/mcgowbr01.html
Bryn Forbes,https://www.basketball-reference.com/players/f/forbebr01.html
Buddy Boeheim,https://www.basketball-reference.com/players/b/boehebu01.html
Buddy Hield,https://www.basketball-reference.com/players/h/hieldbu01.html
CJ McCollum,https://www.basketball-reference.com/players/m/mccolcj01.html
Cade Cunningham,https://www.basketball-reference.com/players/c/cunnica01.html
Caleb Houstan,https://www.basketball-reference.com/players/h/houstca01.html
Caleb Martin,https://www.basketball-reference.com/players/m/martica02.html
Caleb Martin,https://www.basketball-reference.com/players/m/martica02.html
Cam Reddish,https://www.basketball-reference.com/players/r/reddica01.html
Cam Reddish,https://www.basketball-reference.com/players/r/reddica01.html
Cam Reddish,https://www.basketball-reference.com/players/r/reddica01.html
Cam Thomas,https://www.basketball-reference.com/players/t/thomaca02.html
Cam Thomas,https://www.basketball-reference.com/players/t/thomaca02.html
Cameron Johnson,https://www.basketball-reference.com/players/j/johnsca02.html
Cameron Johnson,https://www.basketball-reference.com/players/j/johnsca02.html
Cameron Johnson,https://www.basketball-reference.com/players/j/johnsca02.html
Cameron Johnson,https://www.basketball-reference.com/players/j/johnsca02.html
Cameron Payne,https://www.basketball-reference.com/players/p/payneca01.html
Cameron Payne,https://www.basketball-reference.com/players/p/payneca01.html
Caris LeVert,https://www.basketball-reference.com/players/l/leverca01.html
Caris LeVert,https://www.basketball-reference.com/players/l/leverca01.html
Carlik Jones,https://www.basketball-reference.com/players/j/jonesca03.html
Cedi Osman,https://www.basketball-reference.com/players/o/osmande01.html
Cedi Osman,https://www.basketball-reference.com/players/o/osmande01.html
Chance Comanche,https://www.basketball-reference.com/players/c/comanch01.html
Charles Bassey,https://www.basketball-reference.com/players/b/bassech01.html
Chima Moneke,https://www.basketball-reference.com/players/m/monekch01.html
Chimezie Metu,https://www.basketball-reference.com/players/m/metuch01.html
Chimezie Metu,https://www.basketball-reference.com/players/m/metuch01.html
Chris Boucher,https://www.basketball-reference.com/players/b/bouchch01.html
Chris Duarte,https://www.basketball-reference.com/players/d/duartch01.html
Chris Paul,https://www.basketball-reference.com/players/p/paulch01.html
Chris Paul,https://www.basketball-reference.com/players/p/paulch01.html
Chris Silva,https://www.basketball-reference.com/players/s/silvach01.html
Christian Braun,https://www.basketball-reference.com/players/b/braunch01.html
Christian Braun,https://www.basketball-reference.com/players/b/braunch01.html
Christian Koloko,https://www.basketball-reference.com/players/k/kolokch01.html
Christian Wood,https://www.basketball-reference.com/players/w/woodch01.html
Chuma Okeke,https://www.basketball-reference.com/players/o/okekech01.html
Clint Capela,https://www.basketball-reference.com/players/c/capelca01.html
Clint Capela,https://www.basketball-reference.com/players/c/capelca01.html
Coby White,https://www.basketball-reference.com/players/w/whiteco01.html
Cody Martin,https://www.basketball-reference.com/players/m/martico01.html
Cody Zeller,https://www.basketball-reference.com/players/z/zelleco01.html
Cody Zeller,https://www.basketball-reference.com/players/z/zelleco01.html
Cole Anthony,https://www.basketball-reference.com/players/a/anthoco01.html
Cole Swider,https://www.basketball-reference.com/players/s/swideco01.html
Collin Sexton,https://www.basketball-reference.com/players/s/sextoco01.html
Corey Kispert,https://www.basketball-reference.com/players/k/kispeco01.html
Cory Joseph,https://www.basketball-reference.com/players/j/josepco01.html
D'Angelo Russell,https://www.basketball-reference.com/players/r/russeda01.html
D'Angelo Russell,https://www.basketball-reference.com/players/r/russeda01.html
D'Angelo Russell,https://www.basketball-reference.com/players/r/russeda01.html
D'Angelo Russell,https://www.basketball-reference.com/players/r/russeda01.html
DaQuan Jeffries,https://www.basketball-reference.com/players/j/jeffrda01.html
Daishen Nix,https://www.basketball-reference.com/players/n/nixda01.html
Dalano Banton,https://www.basketball-reference.com/players/b/bantoda01.html
Dalen Terry,https://www.basketball-reference.com/players/t/terryda01.html
Damian Jones,https://www.basketball-reference.com/players/j/jonesda03.html
Damian Jones,https://www.basketball-reference.com/players/j/jonesda03.html
Damian Jones,https://www.basketball-reference.com/players/j/jonesda03.html
Damian Lillard,https://www.basketball-reference.com/players/l/lillada01.html
Damion Lee,https://www.basketball-reference.com/players/l/leeda03.html
Damion Lee,https://www.basketball-reference.com/players/l/leeda03.html
Daniel Gafford,https://www.basketball-reference.com/players/g/gaffoda01.html
Daniel Theis,https://www.basketball-reference.com/players/t/theisda01.html
Danny Green,https://www.basketball-reference.com/players/g/greenda02.html
Danny Green,https://www.basketball-reference.com/players/g/greenda02.html
Danny Green,https://www.basketball-reference.com/players/g/greenda02.html
Danny Green,https://www.basketball-reference.com/players/g/greenda02.html
Danuel House Jr.,https://www.basketball-reference.com/players/h/houseda01.html
Danuel House Jr.,https://www.basketball-reference.com/players/h/houseda01.html
Dario Šarić,https://www.basketball-reference.com/players/s/saricda01.html
Dario Šarić,https://www.basketball-reference.com/players/s/saricda01.html
Dario Šarić,https://www.basketball-reference.com/players/s/saricda01.html
Darius Bazley,https://www.basketball-reference.com/players/b/bazleda01.html
Darius Bazley,https://www.basketball-reference.com/players/b/bazleda01.html
Darius Bazley,https://www.basketball-reference.com/players/b/bazleda01.html
Darius Days,https://www.basketball-reference.com/players/d/daysda01.html
Darius Garland,https://www.basketball-reference.com/players/g/garlada01.html
Darius Garland,https://www.basketball-reference.com/players/g/garlada01.html
David Duke Jr.,https://www.basketball-reference.com/players/d/dukeda01.html
David Duke Jr.,https://www.basketball-reference.com/players/d/dukeda01.html
David Roddy,https://www.basketball-reference.com/players/r/roddyda01.html
David Roddy,https://www.basketball-reference.com/players/r/roddyda01.html
Davion Mitchell,https://www.basketball-reference.com/players/m/mitchda01.html
Davion Mitchell,https://www.basketball-reference.com/players/m/mitchda01.html
Davon Reed,https://www.basketball-reference.com/players/r/reedda01.html
Davon Reed,https://www.basketball-reference.com/players/r/reedda01.html
Davon Reed,https://www.basketball-reference.com/players/r/reedda01.html
Day'Ron Sharpe,https://www.basketball-reference.com/players/s/sharpda01.html
Day'Ron Sharpe,https://www.basketball-reference.com/players/s/sharpda01.html
De'Aaron Fox,https://www.basketball-reference.com/players/f/foxde01.html
De'Aaron Fox,https://www.basketball-reference.com/players/f/foxde01.html
De'Andre Hunter,https://www.basketball-reference.com/players/h/huntede01.html
De'Andre Hunter,https://www.basketball-reference.com/players/h/huntede01.html
De'Anthony Melton,https://www.basketball-reference.com/players/m/meltode01.html
De'Anthony Melton,https://www.basketball-reference.com/players/m/meltode01.html
DeAndre Jordan,https://www.basketball-reference.com/players/j/jordade01.html
DeAndre Jordan,https://www.basketball-reference.com/players/j/jordade01.html
DeMar DeRozan,https://www.basketball-reference.com/players/d/derozde01.html
Dean Wade,https://www.basketball-reference.com/players/w/wadede01.html
Dean Wade,https://www.basketball-reference.com/players/w/wadede01.html
Deandre Ayton,https://www.basketball-reference.com/players/a/aytonde01.html
Deandre Ayton,https://www.basketball-reference.com/players/a/aytonde01.html
Dejounte Murray,https://www.basketball-reference.com/players/m/murrade01.html
Dejounte Murray,https://www.basketball-reference.com/players/m/murrade01.html
Delon Wright,https://www.basketball-reference.com/players/w/wrighde01.html
Deni Avdija,https://www.basketball-reference.com/players/a/avdijde01.html
Dennis Schröder,https://www.basketball-reference.com/players/s/schrode01.html
Dennis Schröder,https://www.basketball-reference.com/players/s/schrode01.html
Dennis Smith Jr.,https://www.basketball-reference.com/players/s/smithde03.html
Deonte Burton,https://www.basketball-reference.com/players/b/burtode02.html
Dereon Seabron,https://www.basketball-reference.com/players/s/seabrde01.html
Derrick Jones Jr.,https://www.basketball-reference.com/players/j/jonesde02.html
Derrick Rose,https://www.basketball-reference.com/players/r/rosede01.html
Derrick Rose,https://www.basketball-reference.com/players/r/rosede01.html
Derrick White,https://www.basketball-reference.com/players/w/whitede01.html
Derrick White,https://www.basketball-reference.com/players/w/whitede01.html
Desmond Bane,https://www.basketball-reference.com/players/b/banede01.html
Desmond Bane,https://www.basketball-reference.com/players/b/banede01.html
Devin Booker,https://www.basketball-reference.com/players/b/bookede01.html
Devin Booker,https://www.basketball-reference.com/players/b/bookede01.html
Devin Vassell,https://www.basketball-reference.com/players/v/vassede01.html
Devon Dotson,https://www.basketball-reference.com/players/d/dotsode01.html
Devonte' Graham,https://www.basketball-reference.com/players/g/grahade01.html
Devonte' Graham,https://www.basketball-reference.com/players/g/grahade01.html
Devonte' Graham,https://www.basketball-reference.com/players/g/grahade01.html
Dewayne Dedmon,https://www.basketball-reference.com/players/d/dedmode01.html
Dewayne Dedmon,https://www.basketball-reference.com/players/d/dedmode01.html
Dewayne Dedmon,https://www.basketball-reference.com/players/d/dedmode01.html
Dewayne Dedmon,https://www.basketball-reference.com/players/d/dedmode01.html
Dillon Brooks,https://www.basketball-reference.com/players/b/brookdi01.html
Dillon Brooks,https://www.basketball-reference.com/players/b/brookdi01.html
Domantas Sabonis,https://www.basketball-reference.com/players/s/sabondo01.html
Domantas Sabonis,https://www.basketball-reference.com/players/s/sabondo01.html
Dominick Barlow,https://www.basketball-reference.com/players/b/barlodo01.html
Donovan Mitchell,https://www.basketball-reference.com/players/m/mitchdo01.html
Donovan Mitchell,https://www.basketball-reference.com/players/m/mitchdo01.html
Donovan Williams,https://www.basketball-reference.com/players/w/willido02.html
Donte DiVincenzo,https://www.basketball-reference.com/players/d/divindo01.html
Donte DiVincenzo,https://www.basketball-reference.com/players/d/divindo01.html
Dorian Finney-Smith,https://www.basketball-reference.com/players/f/finnedo01.html
Dorian Finney-Smith,https://www.basketball-reference.com/players/f/finnedo01.html
Dorian Finney-Smith,https://www.basketball-reference.com/players/f/finnedo01.html
Dorian Finney-Smith,https://www.basketball-reference.com/players/f/finnedo01.html
Doug McDermott,https://www.basketball-reference.com/players/m/mcderdo01.html
Draymond Green,https://www.basketball-reference.com/players/g/greendr01.html
Draymond Green,https://www.basketball-reference.com/players/g/greendr01.html
Drew Eubanks,https://www.basketball-reference.com/players/e/eubandr01.html
Dru Smith,https://www.basketball-reference.com/players/s/smithdr01.html
Dru Smith,https://www.basketball-reference.com/players/s/smithdr01.html
Dru Smith,https://www.basketball-reference.com/players/s/smithdr01.html
Duane Washington Jr.,https://www.basketball-reference.com/players/w/washidu02.html
Duncan Robinson,https://www.basketball-reference.com/players/r/robindu01.html
Duncan Robinson,https://www.basketball-reference.com/players/r/robindu01.html
Dwight Powell,https://www.basketball-reference.com/players/p/poweldw01.html
Dylan Windler,https://www.basketball-reference.com/players/w/windldy01.html
Dyson Daniels,https://www.basketball-reference.com/players/d/daniedy01.html
Dāvis Bertāns,https://www.basketball-reference.com/players/b/bertada01.html
Edmond Sumner,https://www.basketball-reference.com/players/s/sumneed01.html
Edmond Sumner,https://www.basketball-reference.com/players/s/sumneed01.html
Eric Gordon,https://www.basketball-reference.com/players/g/gordoer01.html
Eric Gordon,https://www.basketball-reference.com/players/g/gordoer01.html
Eric Gordon,https://www.basketball-reference.com/players/g/gordoer01.html
Eric Gordon,https://www.basketball-reference.com/players/g/gordoer01.html
Eugene Omoruyi,https://www.basketball-reference.com/players/o/omorueu01.html
Eugene Omoruyi,https://www.basketball-reference.com/players/o/omorueu01.html
Eugene Omoruyi,https://www.basketball-reference.com/players/o/omorueu01.html
Evan Fournier,https://www.basketball-reference.com/players/f/fournev01.html
Evan Mobley,https://www.basketball-reference.com/players/m/mobleev01.html
Evan Mobley,https://www.basketball-reference.com/players/m/mobleev01.html
Facundo Campazzo,https://www.basketball-reference.com/players/c/campafa01.html
Frank Jackson,https://www.basketball-reference.com/players/j/jacksfr01.html
Frank Kaminsky,https://www.basketball-reference.com/players/k/kaminfr01.html
Frank Kaminsky,https://www.basketball-reference.com/players/k/kaminfr01.html
Frank Kaminsky,https://www.basketball-reference.com/players/k/kaminfr01.html
Frank Ntilikina,https://www.basketball-reference.com/players/n/ntilila01.html
Franz Wagner,https://www.basketball-reference.com/players/w/wagnefr01.html
Fred VanVleet,https://www.basketball-reference.com/players/v/vanvlfr01.html
Furkan Korkmaz,https://www.basketball-reference.com/players/k/korkmfu01.html
Furkan Korkmaz,https://www.basketball-reference.com/players/k/korkmfu01.html
Gabe Vincent,https://www.basketball-reference.com/players/v/vincega01.html
Gabe Vincent,https://www.basketball-reference.com/players/v/vincega01.html
Gabe York,https://www.basketball-reference.com/players/y/yorkga01.html
Garrett Temple,https://www.basketball-reference.com/players/t/templga01.html
Garrison Mathews,https://www.basketball-reference.com/players/m/mathega01.html
Garrison Mathews,https://www.basketball-reference.com/players/m/mathega01.html
Garrison Mathews,https://www.basketball-reference.com/players/m/mathega01.html
Gary Harris,https://www.basketball-reference.com/players/h/harriga01.html
Gary Payton II,https://www.basketball-reference.com/players/p/paytoga02.html
Gary Payton II,https://www.basketball-reference.com/players/p/paytoga02.html
Gary Payton II,https://www.basketball-reference.com/players/p/paytoga02.html
Gary Payton II,https://www.basketball-reference.com/players/p/paytoga02.html
Gary Trent Jr.,https://www.basketball-reference.com/players/t/trentga02.html
George Hill,https://www.basketball-reference.com/players/h/hillge01.html
George Hill,https://www.basketball-reference.com/players/h/hillge01.html
George Hill,https://www.basketball-reference.com/players/h/hillge01.html
Georges Niang,https://www.basketball-reference.com/players/n/niangge01.html
Georges Niang,https://www.basketball-reference.com/players/n/niangge01.html
Giannis Antetokounmpo,https://www.basketball-reference.com/players/a/antetgi01.html
Giannis Antetokounmpo,https://www.basketball-reference.com/players/a/antetgi01.html
Goga Bitadze,https://www.basketball-reference.com/players/b/bitadgo01.html
Goga Bitadze,https://www.basketball-reference.com/players/b/bitadgo01.html
Goga Bitadze,https://www.basketball-reference.com/players/b/bitadgo01.html
Goran Dragić,https://www.basketball-reference.com/players/d/dragigo01.html
Goran Dragić,https://www.basketball-reference.com/players/d/dragigo01.html
Goran Dragić,https://www.basketball-reference.com/players/d/dragigo01.html
Goran Dragić,https://www.basketball-reference.com/players/d/dragigo01.html
Gordon Hayward,https://www.basketball-reference.com/players/h/haywago01.html
Gorgui Dieng,https://www.basketball-reference.com/players/d/dienggo01.html
Grant Williams,https://www.basketball-reference.com/players/w/willigr01.html
Grant Williams,https://www.basketball-reference.com/players/w/willigr01.html
Grayson Allen,https://www.basketball-reference.com/players/a/allengr01.html
Grayson Allen,https://www.basketball-reference.com/players/a/allengr01.html
Greg Brown III,https://www.basketball-reference.com/players/b/browngr01.html
Hamidou Diallo,https://www.basketball-reference.com/players/d/diallha01.html
Harrison Barnes,https://www.basketball-reference.com/players/b/barneha02.html
Harrison Barnes,https://www.basketball-reference.com/players/b/barneha02.html
Haywood Highsmith,https://www.basketball-reference.com/players/h/highsha01.html
Haywood Highsmith,https://www.basketball-reference.com/players/h/highsha01.html
Herbert Jones,https://www.basketball-reference.com/players/j/joneshe01.html
Immanuel Quickley,https://www.basketball-reference.com/players/q/quickim01.html
Immanuel Quickley,https://www.basketball-reference.com/players/q/quickim01.html
Isaac Okoro,https://www.basketball-reference.com/players/o/okorois01.html
Isaac Okoro,https://www.basketball-reference.com/players/o/okorois01.html
Isaiah Hartenstein,https://www.basketball-reference.com/players/h/harteis01.html
Isaiah Hartenstein,https://www.basketball-reference.com/players/h/harteis01.html
Isaiah Jackson,https://www.basketball-reference.com/players/j/jacksis01.html
Isaiah Joe,https://www.basketball-reference.com/players/j/joeis01.html
Isaiah Livers,https://www.basketball-reference.com/players/l/liveris01.html
Isaiah Mobley,https://www.basketball-reference.com/players/m/mobleis01.html
Isaiah Roby,https://www.basketball-reference.com/players/r/robyis01.html
Isaiah Stewart,https://www.basketball-reference.com/players/s/stewais01.html
Isaiah Todd,https://www.basketball-reference.com/players/t/toddis01.html
Ish Smith,https://www.basketball-reference.com/players/s/smithis01.html
Ish Smith,https://www.basketball-reference.com/players/s/smithis01.html
Ish Wainright,https://www.basketball-reference.com/players/w/wainris01.html
Ish Wainright,https://www.basketball-reference.com/players/w/wainris01.html
Ivica Zubac,https://www.basketball-reference.com/players/z/zubaciv01.html
Ivica Zubac,https://www.basketball-reference.com/players/z/zubaciv01.html
JD Davison,https://www.basketball-reference.com/players/d/davisjd01.html
JT Thor,https://www.basketball-reference.com/players/t/thorjt01.html
Ja Morant,https://www.basketball-reference.com/players/m/moranja01.html
Ja Morant,https://www.basketball-reference.com/players/m/moranja01.html
JaMychal Green,https://www.basketball-reference.com/players/g/greenja01.html
JaMychal Green,https://www.basketball-reference.com/players/g/greenja01.html
JaVale McGee,https://www.basketball-reference.com/players/m/mcgeeja01.html
Jabari Smith Jr.,https://www.basketball-reference.com/players/s/smithja05.html
Jabari Walker,https://www.basketball-reference.com/players/w/walkeja01.html
Jack White,https://www.basketball-reference.com/players/w/whiteja03.html
Jacob Gilyard,https://www.basketball-reference.com/players/g/gilyaja01.html
Jaden Hardy,https://www.basketball-reference.com/players/h/hardyja02.html
Jaden Ivey,https://www.basketball-reference.com/players/i/iveyja01.html
Jaden McDaniels,https://www.basketball-reference.com/players/m/mcdanja02.html
Jaden Springer,https://www.basketball-reference.com/players/s/sprinja01.html
Jaden Springer,https://www.basketball-reference.com/players/s/sprinja01.html
Jae Crowder,https://www.basketball-reference.com/players/c/crowdja01.html
Jae Crowder,https://www.basketball-reference.com/players/c/crowdja01.html
Jae'Sean Tate,https://www.basketball-reference.com/players/t/tateja01.html
Jake LaRavia,https://www.basketball-reference.com/players/l/laravja01.html
Jakob Poeltl,https://www.basketball-reference.com/players/p/poeltja01.html
Jakob Poeltl,https://www.basketball-reference.com/players/p/poeltja01.html
Jakob Poeltl,https://www.basketball-reference.com/players/p/poeltja01.html
Jalen Brunson,https://www.basketball-reference.com/players/b/brunsja01.html
Jalen Brunson,https://www.basketball-reference.com/players/b/brunsja01.html
Jalen Duren,https://www.basketball-reference.com/players/d/durenja01.html
Jalen Green,https://www.basketball-reference.com/players/g/greenja05.html
Jalen Johnson,https://www.basketball-reference.com/players/j/johnsja05.html
Jalen Johnson,https://www.basketball-reference.com/players/j/johnsja05.html
Jalen McDaniels,https://www.basketball-reference.com/players/m/mcdanja01.html
Jalen McDaniels,https://www.basketball-reference.com/players/m/mcdanja01.html
Jalen McDaniels,https://www.basketball-reference.com/players/m/mcdanja01.html
Jalen McDaniels,https://www.basketball-reference.com/players/m/mcdanja01.html
Jalen Smith,https://www.basketball-reference.com/players/s/smithja04.html
Jalen Suggs,https://www.basketball-reference.com/players/s/suggsja01.html
Jalen Williams,https://www.basketball-reference.com/players/w/willija06.html
Jamal Cain,https://www.basketball-reference.com/players/c/cainja01.html
Jamal Murray,https://www.basketball-reference.com/players/m/murraja01.html
Jamal Murray,https://www.basketball-reference.com/players/m/murraja01.html
Jamaree Bouyea,https://www.basketball-reference.com/players/b/bouyeja01.html
Jamaree Bouyea,https://www.basketball-reference.com/players/b/bouyeja01.html
Jamaree Bouyea,https://www.basketball-reference.com/players/b/bouyeja01.html
James Bouknight,https://www.basketball-reference.com/players/b/bouknja01.html
James Harden,https://www.basketball-reference.com/players/h/hardeja01.html
James Harden,https://www.basketball-reference.com/players/h/hardeja01.html
James Johnson,https://www.basketball-reference.com/players/j/johnsja01.html
James Wiseman,https://www.basketball-reference.com/players/w/wisemja01.html
James Wiseman,https://www.basketball-reference.com/players/w/wisemja01.html
James Wiseman,https://www.basketball-reference.com/players/w/wisemja01.html
Jared Butler,https://www.basketball-reference.com/players/b/butleja02.html
Jared Rhoden,https://www.basketball-reference.com/players/r/rhodeja01.html
Jaren Jackson Jr.,https://www.basketball-reference.com/players/j/jacksja02.html
Jaren Jackson Jr.,https://www.basketball-reference.com/players/j/jacksja02.html
Jarred Vanderbilt,https://www.basketball-reference.com/players/v/vandeja01.html
Jarred Vanderbilt,https://www.basketball-reference.com/players/v/vandeja01.html
Jarred Vanderbilt,https://www.basketball-reference.com/players/v/vandeja01.html
Jarred Vanderbilt,https://www.basketball-reference.com/players/v/vandeja01.html
Jarrell Brantley,https://www.basketball-reference.com/players/b/brantja01.html
Jarrett Allen,https://www.basketball-reference.com/players/a/allenja01.html
Jarrett Allen,https://www.basketball-reference.com/players/a/allenja01.html
Jarrett Culver,https://www.basketball-reference.com/players/c/culveja01.html
Jason Preston,https://www.basketball-reference.com/players/p/prestja01.html
Jason Preston,https://www.basketball-reference.com/players/p/prestja01.html
Javonte Green,https://www.basketball-reference.com/players/g/greenja02.html
Jaxson Hayes,https://www.basketball-reference.com/players/h/hayesja02.html
Jay Huff,https://www.basketball-reference.com/players/h/huffja01.html
Jay Scrubb,https://www.basketball-reference.com/players/s/scrubja01.html
Jaylen Brown,https://www.basketball-reference.com/players/b/brownja02.html
Jaylen Brown,https://www.basketball-reference.com/players/b/brownja02.html
Jaylen Nowell,https://www.basketball-reference.com/players/n/nowelja01.html
Jaylen Nowell,https://www.basketball-reference.com/players/n/nowelja01.html
Jaylin Williams,https://www.basketball-reference.com/players/w/willija07.html
Jayson Tatum,https://www.basketball-reference.com/players/t/tatumja01.html
Jayson Tatum,https://www.basketball-reference.com/players/t/tatumja01.html
Jeenathan Williams,https://www.basketball-reference.com/players/w/willije02.html
Jeff Dowtin,https://www.basketball-reference.com/players/d/dowtije01.html
Jeff Green,https://www.basketball-reference.com/players/g/greenje02.html
Jeff Green,https://www.basketball-reference.com/players/g/greenje02.html
Jerami Grant,https://www.basketball-reference.com/players/g/grantje01.html
Jeremiah Robinson-Earl,https://www.basketball-reference.com/players/r/robinje02.html
Jeremy Sochan,https://www.basketball-reference.com/players/s/sochaje01.html
Jericho Sims,https://www.basketball-reference.com/players/s/simsje01.html
Jevon Carter,https://www.basketball-reference.com/players/c/carteje01.html
Jevon Carter,https://www.basketball-reference.com/players/c/carteje01.html
Jimmy Butler,https://www.basketball-reference.com/players/b/butleji01.html
Jimmy Butler,https://www.basketball-reference.com/players/b/butleji01.html
Jock Landale,https://www.basketball-reference.com/players/l/landajo01.html
Jock Landale,https://www.basketball-reference.com/players/l/landajo01.html
Joe Harris,https://www.basketball-reference.com/players/h/harrijo01.html
Joe Harris,https://www.basketball-reference.com/players/h/harrijo01.html
Joe Ingles,https://www.basketball-reference.com/players/i/inglejo01.html
Joe Ingles,https://www.basketball-reference.com/players/i/inglejo01.html
Joe Wieskamp,https://www.basketball-reference.com/players/w/wieskjo01.html
Joel Embiid,https://www.basketball-reference.com/players/e/embiijo01.html
Joel Embiid,https://www.basketball-reference.com/players/e/embiijo01.html
John Butler,https://www.basketball-reference.com/players/b/butlejo01.html
John Collins,https://www.basketball-reference.com/players/c/collijo01.html
John Collins,https://www.basketball-reference.com/players/c/collijo01.html
John Konchar,https://www.basketball-reference.com/players/k/konchjo01.html
John Konchar,https://www.basketball-reference.com/players/k/konchjo01.html
John Wall,https://www.basketball-reference.com/players/w/walljo01.html
Johnny Davis,https://www.basketball-reference.com/players/d/davisjo06.html
Johnny Juzang,https://www.basketball-reference.com/players/j/juzanjo01.html
Jonas Valančiūnas,https://www.basketball-reference.com/players/v/valanjo01.html
Jonathan Isaac,https://www.basketball-reference.com/players/i/isaacjo01.html
Jonathan Kuminga,https://www.basketball-reference.com/players/k/kuminjo01.html
Jonathan Kuminga,https://www.basketball-reference.com/players/k/kuminjo01.html
Jordan Clarkson,https://www.basketball-reference.com/players/c/clarkjo01.html
Jordan Goodwin,https://www.basketball-reference.com/players/g/goodwjo01.html
Jordan Hall,https://www.basketball-reference.com/players/h/halljo02.html
Jordan McLaughlin,https://www.basketball-reference.com/players/m/mclaujo01.html
Jordan McLaughlin,https://www.basketball-reference.com/players/m/mclaujo01.html
Jordan Nwora,https://www.basketball-reference.com/players/n/nworajo01.html
Jordan Nwora,https://www.basketball-reference.com/players/n/nworajo01.html
Jordan Nwora,https://www.basketball-reference.com/players/n/nworajo01.html
Jordan Poole,https://www.basketball-reference.com/players/p/poolejo01.html
Jordan Poole,https://www.basketball-reference.com/players/p/poolejo01.html
Jordan Schakel,https://www.basketball-reference.com/players/s/schakjo01.html
Jose Alvarado,https://www.basketball-reference.com/players/a/alvarjo01.html
Josh Christopher,https://www.basketball-reference.com/players/c/chrisjo01.html
Josh Giddey,https://www.basketball-reference.com/players/g/giddejo01.html
Josh Green,https://www.basketball-reference.com/players/g/greenjo02.html
Josh Hart,https://www.basketball-reference.com/players/h/hartjo01.html
Josh Hart,https://www.basketball-reference.com/players/h/hartjo01.html
Josh Hart,https://www.basketball-reference.com/players/h/hartjo01.html
Josh Hart,https://www.basketball-reference.com/players/h/hartjo01.html
Josh Minott,https://www.basketball-reference.com/players/m/minotjo01.html
Josh Minott,https://www.basketball-reference.com/players/m/minotjo01.html
Josh Okogie,https://www.basketball-reference.com/players/o/okogijo01.html
Josh Okogie,https://www.basketball-reference.com/players/o/okogijo01.html
Josh Richardson,https://www.basketball-reference.com/players/r/richajo01.html
Josh Richardson,https://www.basketball-reference.com/players/r/richajo01.html
Josh Richardson,https://www.basketball-reference.com/players/r/richajo01.html
Joshua Primo,https://www.basketball-reference.com/players/p/primojo01.html
Jrue Holiday,https://www.basketball-reference.com/players/h/holidjr01.html
Jrue Holiday,https://www.basketball-reference.com/players/h/holidjr01.html
Juan Toscano-Anderson,https://www.basketball-reference.com/players/t/toscaju01.html
Juan Toscano-Anderson,https://www.basketball-reference.com/players/t/toscaju01.html
Juan Toscano-Anderson,https://www.basketball-reference.com/players/t/toscaju01.html
Juancho Hernangómez,https://www.basketball-reference.com/players/h/hernaju01.html
Julian Champagnie,https://www.basketball-reference.com/players/c/champju02.html
Julian Champagnie,https://www.basketball-reference.com/players/c/champju02.html
Julian Champagnie,https://www.basketball-reference.com/players/c/champju02.html
Julius Randle,https://www.basketball-reference.com/players/r/randlju01.html
Julius Randle,https://www.basketball-reference.com/players/r/randlju01.html
Justin Champagnie,https://www.basketball-reference.com/players/c/champju01.html
Justin Champagnie,https://www.basketball-reference.com/players/c/champju01.html
Justin Champagnie,https://www.basketball-reference.com/players/c/champju01.html
Justin Champagnie,https://www.basketball-reference.com/players/c/champju01.html
Justin Holiday,https://www.basketball-reference.com/players/h/holidju01.html
Justin Holiday,https://www.basketball-reference.com/players/h/holidju01.html
Justin Holiday,https://www.basketball-reference.com/players/h/holidju01.html
Justin Jackson,https://www.basketball-reference.com/players/j/jacksju01.html
Justin Minaya,https://www.basketball-reference.com/players/m/minayju01.html
Justise Winslow,https://www.basketball-reference.com/players/w/winslju01.html
Jusuf Nurkić,https://www.basketball-reference.com/players/n/nurkiju01.html
KJ Martin,https://www.basketball-reference.com/players/m/martike04.html
KZ Okpala,https://www.basketball-reference.com/players/o/okpalkz01.html
Kai Jones,https://www.basketball-reference.com/players/j/joneska01.html
Karl-Anthony Towns,https://www.basketball-reference.com/players/t/townska01.html
Karl-Anthony Towns,https://www.basketball-reference.com/players/t/townska01.html
Kawhi Leonard,https://www.basketball-reference.com/players/l/leonaka01.html
Kawhi Leonard,https://www.basketball-reference.com/players/l/leonaka01.html
Keegan Murray,https://www.basketball-reference.com/players/m/murrake02.html
Keegan Murray,https://www.basketball-reference.com/players/m/murrake02.html
Keita Bates-Diop,https://www.basketball-reference.com/players/b/bateske01.html
Keldon Johnson,https://www.basketball-reference.com/players/j/johnske04.html
Kelly Olynyk,https://www.basketball-reference.com/players/o/olynyke01.html
Kelly Oubre Jr.,https://www.basketball-reference.com/players/o/oubreke01.html
Kemba Walker,https://www.basketball-reference.com/players/w/walkeke02.html
Kendall Brown,https://www.basketball-reference.com/players/b/brownke03.html
Kendrick Nunn,https://www.basketball-reference.com/players/n/nunnke01.html
Kendrick Nunn,https://www.basketball-reference.com/players/n/nunnke01.html
Kendrick Nunn,https://www.basketball-reference.com/players/n/nunnke01.html
Kennedy Chandler,https://www.basketball-reference.com/players/c/chandke01.html
Kenneth Lofton Jr.,https://www.basketball-reference.com/players/l/loftoke01.html
Kenneth Lofton Jr.,https://www.basketball-reference.com/players/l/loftoke01.html
Kenrich Williams,https://www.basketball-reference.com/players/w/willike04.html
Kentavious Caldwell-Pope,https://www.basketball-reference.com/players/c/caldwke01.html
Kentavious Caldwell-Pope,https://www.basketball-reference.com/players/c/caldwke01.html
Keon Ellis,https://www.basketball-reference.com/players/e/elliske01.html
Keon Johnson,https://www.basketball-reference.com/players/j/johnske07.html
Kessler Edwards,https://www.basketball-reference.com/players/e/edwarke02.html
Kessler Edwards,https://www.basketball-reference.com/players/e/edwarke02.html
Kessler Edwards,https://www.basketball-reference.com/players/e/edwarke02.html
Kessler Edwards,https://www.basketball-reference.com/players/e/edwarke02.html
Kevin Durant,https://www.basketball-reference.com/players/d/duranke01.html
Kevin Durant,https://www.basketball-reference.com/players/d/duranke01.html
Kevin Durant,https://www.basketball-reference.com/players/d/duranke01.html
Kevin Durant,https://www.basketball-reference.com/players/d/duranke01.html
Kevin Huerter,https://www.basketball-reference.com/players/h/huertke01.html
Kevin Huerter,https://www.basketball-reference.com/players/h/huertke01.html
Kevin Knox,https://www.basketball-reference.com/players/k/knoxke01.html
Kevin Knox,https://www.basketball-reference.com/players/k/knoxke01.html
Kevin Knox,https://www.basketball-reference.com/players/k/knoxke01.html
Kevin Love,https://www.basketball-reference.com/players/l/loveke01.html
Kevin Love,https://www.basketball-reference.com/players/l/loveke01.html
Kevin Love,https://www.basketball-reference.com/players/l/loveke01.html
Kevin Love,https://www.basketball-reference.com/players/l/loveke01.html
Kevin Porter Jr.,https://www.basketball-reference.com/players/p/porteke02.html
Kevon Harris,https://www.basketball-reference.com/players/h/harrike01.html
Kevon Looney,https://www.basketball-reference.com/players/l/looneke01.html
Kevon Looney,https://www.basketball-reference.com/players/l/looneke01.html
Khem Birch,https://www.basketball-reference.com/players/b/birchkh01.html
Khris Middleton,https://www.basketball-reference.com/players/m/middlkh01.html
Khris Middleton,https://www.basketball-reference.com/players/m/middlkh01.html
Killian Hayes,https://www.basketball-reference.com/players/h/hayeski01.html
Kira Lewis Jr.,https://www.basketball-reference.com/players/l/lewiski01.html
Klay Thompson,https://www.basketball-reference.com/players/t/thompkl01.html
Klay Thompson,https://www.basketball-reference.com/players/t/thompkl01.html
Kobi Simmons,https://www.basketball-reference.com/players/s/simmoko01.html
Kris Dunn,https://www.basketball-reference.com/players/d/dunnkr01.html
Kristaps Porziņģis,https://www.basketball-reference.com/players/p/porzikr01.html
Kyle Anderson,https://www.basketball-reference.com/players/a/anderky01.html
Kyle Anderson,https://www.basketball-reference.com/players/a/anderky01.html
Kyle Kuzma,https://www.basketball-reference.com/players/k/kuzmaky01.html
Kyle Lowry,https://www.basketball-reference.com/players/l/lowryky01.html
Kyle Lowry,https://www.basketball-reference.com/players/l/lowryky01.html
Kyrie Irving,https://www.basketball-reference.com/players/i/irvinky01.html
Kyrie Irving,https://www.basketball-reference.com/players/i/irvinky01.html
Kyrie Irving,https://www.basketball-reference.com/players/i/irvinky01.html
LaMelo Ball,https://www.basketball-reference.com/players/b/ballla01.html
Lamar Stevens,https://www.basketball-reference.com/players/s/stevela01.html
Lamar Stevens,https://www.basketball-reference.com/players/s/stevela01.html
Landry Shamet,https://www.basketball-reference.com/players/s/shamela01.html
Landry Shamet,https://www.basketball-reference.com/players/s/shamela01.html
Larry Nance Jr.,https://www.basketball-reference.com/players/n/nancela02.html
Lauri Markkanen,https://www.basketball-reference.com/players/m/markkla01.html
LeBron James,https://www.basketball-reference.com/players/j/jamesle01.html
LeBron James,https://www.basketball-reference.com/players/j/jamesle01.html
League Average,
League Average,
Leandro Bolmaro,https://www.basketball-reference.com/players/b/bolmale01.html
Lester Quiñones,https://www.basketball-reference.com/players/q/quinole01.html
Lindell Wigginton,https://www.basketball-reference.com/players/w/wiggili01.html
Lindy Waters III,https://www.basketball-reference.com/players/w/waterli01.html
Lonnie Walker IV,https://www.basketball-reference.com/players/w/walkelo01.html
Lonnie Walker IV,https://www.basketball-reference.com/players/w/walkelo01.html
Louis King,https://www.basketball-reference.com/players/k/kinglo02.html
Luguentz Dort,https://www.basketball-reference.com/players/d/dortlu01.html
Luka Dončić,https://www.basketball-reference.com/players/d/doncilu01.html
Luka Garza,https://www.basketball-reference.com/players/g/garzalu01.html
Luka Šamanić,https://www.basketball-reference.com/players/s/samanlu01.html
Luke Kennard,https://www.basketball-reference.com/players/k/kennalu01.html
Luke Kennard,https://www.basketball-reference.com/players/k/kennalu01.html
Luke Kennard,https://www.basketball-reference.com/players/k/kennalu01.html
Luke Kennard,https://www.basketball-reference.com/players/k/kennalu01.html
Luke Kornet,https://www.basketball-reference.com/players/k/kornelu01.html
Luke Kornet,https://www.basketball-reference.com/players/k/kornelu01.html
Mac McClung,https://www.basketball-reference.com/players/m/mccluma01.html
Malachi Flynn,https://www.basketball-reference.com/players/f/flynnma01.html
Malaki Branham,https://www.basketball-reference.com/players/b/branhma01.html
Malcolm Brogdon,https://www.basketball-reference.com/players/b/brogdma01.html
Malcolm Brogdon,https://www.basketball-reference.com/players/b/brogdma01.html
Malcolm Hill,https://www.basketball-reference.com/players/h/hillma01.html
Malik Beasley,https://www.basketball-reference.com/players/b/beaslma01.html
Malik Beasley,https://www.basketball-reference.com/players/b/beaslma01.html
Malik Beasley,https://www.basketball-reference.com/players/b/beaslma01.html
Malik Beasley,https://www.basketball-reference.com/players/b/beaslma01.html
Malik Monk,https://www.basketball-reference.com/players/m/monkma01.html
Malik Monk,https://www.basketball-reference.com/players/m/monkma01.html
Mamadi Diakite,https://www.basketball-reference.com/players/d/diakima01.html
MarJon Beauchamp,https://www.basketball-reference.com/players/b/beaucma01.html
MarJon Beauchamp,https://www.basketball-reference.com/players/b/beaucma01.html
Marcus Morris,https://www.basketball-reference.com/players/m/morrima03.html
Marcus Morris,https://www.basketball-reference.com/players/m/morrima03.html
Marcus Smart,https://www.basketball-reference.com/players/s/smartma01.html
Marcus Smart,https://www.basketball-reference.com/players/s/smartma01.html
Mark Williams,https://www.basketball-reference.com/players/w/willima07.html
Markelle Fultz,https://www.basketball-reference.com/players/f/fultzma01.html
Markieff Morris,https://www.basketball-reference.com/players/m/morrima02.html
Markieff Morris,https://www.basketball-reference.com/players/m/morrima02.html
Markieff Morris,https://www.basketball-reference.com/players/m/morrima02.html
Marko Simonovic,https://www.basketball-reference.com/players/s/simonma01.html
Marvin Bagley III,https://www.basketball-reference.com/players/b/baglema01.html
Mason Plumlee,https://www.basketball-reference.com/players/p/plumlma01.html
Mason Plumlee,https://www.basketball-reference.com/players/p/plumlma01.html
Mason Plumlee,https://www.basketball-reference.com/players/p/plumlma01.html
Mason Plumlee,https://www.basketball-reference.com/players/p/plumlma01.html
Matisse Thybulle,https://www.basketball-reference.com/players/t/thybuma01.html
Matisse Thybulle,https://www.basketball-reference.com/players/t/thybuma01.html
Matisse Thybulle,https://www.basketball-reference.com/players/t/thybuma01.html
Matt Ryan,https://www.basketball-reference.com/players/r/ryanma01.html
Matt Ryan,https://www.basketball-reference.com/players/r/ryanma01.html
Matt Ryan,https://www.basketball-reference.com/players/r/ryanma01.html
Matthew Dellavedova,https://www.basketball-reference.com/players/d/dellama01.html
Max Christie,https://www.basketball-reference.com/players/c/chrisma02.html
Max Christie,https://www.basketball-reference.com/players/c/chrisma02.html
Max Strus,https://www.basketball-reference.com/players/s/strusma01.html
Max Strus,https://www.basketball-reference.com/players/s/strusma01.html
Maxi Kleber,https://www.basketball-reference.com/players/k/klebima01.html
McKinley Wright IV,https://www.basketball-reference.com/players/w/wrighmc01.html
Meyers Leonard,https://www.basketball-reference.com/players/l/leoname01.html
Meyers Leonard,https://www.basketball-reference.com/players/l/leoname01.html
Mfiondu Kabengele,https://www.basketball-reference.com/players/k/kabenmf01.html
Micah Potter,https://www.basketball-reference.com/players/p/pottemi01.html
Michael Carter-Williams,https://www.basketball-reference.com/players/c/cartemi01.html
Michael Foster Jr.,https://www.basketball-reference.com/players/f/fostemi02.html
Michael Porter Jr.,https://www.basketball-reference.com/players/p/portemi01.html
Michael Porter Jr.,https://www.basketball-reference.com/players/p/portemi01.html
Mikal Bridges,https://www.basketball-reference.com/players/b/bridgmi01.html
Mikal Bridges,https://www.basketball-reference.com/players/b/bridgmi01.html
Mikal Bridges,https://www.basketball-reference.com/players/b/bridgmi01.html
Mikal Bridges,https://www.basketball-reference.com/players/b/bridgmi01.html
Mike Conley,https://www.basketball-reference.com/players/c/conlemi01.html
Mike Conley,https://www.basketball-reference.com/players/c/conlemi01.html
Mike Conley,https://www.basketball-reference.com/players/c/conlemi01.html
Mike Conley,https://www.basketball-reference.com/players/c/conlemi01.html
Mike Muscala,https://www.basketball-reference.com/players/m/muscami01.html
Mike Muscala,https://www.basketball-reference.com/players/m/muscami01.html
Mike Muscala,https://www.basketball-reference.com/players/m/muscami01.html
Mike Muscala,https://www.basketball-reference.com/players/m/muscami01.html
Miles McBride,https://www.basketball-reference.com/players/m/mcbrimi01.html
Miles McBride,https://www.basketball-reference.com/players/m/mcbrimi01.html
Mitchell Robinson,https://www.basketball-reference.com/players/r/robinmi01.html
Mitchell Robinson,https://www.basketball-reference.com/players/r/robinmi01.html
Mo Bamba,https://www.basketball-reference.com/players/b/bambamo01.html
Mo Bamba,https://www.basketball-reference.com/players/b/bambamo01.html
Mo Bamba,https://www.basketball-reference.com/players/b/bambamo01.html
Mo Bamba,https://www.basketball-reference.com/players/b/bambamo01.html
Monte Morris,https://www.basketball-reference.com/players/m/morrimo01.html
Montrezl Harrell,https://www.basketball-reference.com/players/h/harremo01.html
Montrezl Harrell,https://www.basketball-reference.com/players/h/harremo01.html
Moritz Wagner,https://www.basketball-reference.com/players/w/wagnemo01.html
Moses Brown,https://www.basketball-reference.com/players/b/brownmo01.html
Moses Brown,https://www.basketball-reference.com/players/b/brownmo01.html
Moses Brown,https://www.basketball-reference.com/players/b/brownmo01.html
Moses Moody,https://www.basketball-reference.com/players/m/moodymo01.html
Moses Moody,https://www.basketball-reference.com/players/m/moodymo01.html
Moussa Diabaté,https://www.basketball-reference.com/players/d/diabamo01.html
Myles Turner,https://www.basketball-reference.com/players/t/turnemy01.html
Naji Marshall,https://www.basketball-reference.com/players/m/marshna01.html
Nassir Little,https://www.basketball-reference.com/players/l/littlna01.html
Nathan Knight,https://www.basketball-reference.com/players/k/knighna01.html
Nathan Knight,https://www.basketball-reference.com/players/k/knighna01.html
Naz Reid,https://www.basketball-reference.com/players/r/reidna01.html
Neemias Queta,https://www.basketball-reference.com/players/q/quetane01.html
Nerlens Noel,https://www.basketball-reference.com/players/n/noelne01.html
Nerlens Noel,https://www.basketball-reference.com/players/n/noelne01.html
Nerlens Noel,https://www.basketball-reference.com/players/n/noelne01.html
Nic Claxton,https://www.basketball-reference.com/players/c/claxtni01.html
Nic Claxton,https://www.basketball-reference.com/players/c/claxtni01.html
Nick Richards,https://www.basketball-reference.com/players/r/richani01.html
Nickeil Alexander-Walker,https://www.basketball-reference.com/players/a/alexani01.html
Nickeil Alexander-Walker,https://www.basketball-reference.com/players/a/alexani01.html
Nickeil Alexander-Walker,https://www.basketball-reference.com/players/a/alexani01.html
Nickeil Alexander-Walker,https://www.basketball-reference.com/players/a/alexani01.html
Nicolas Batum,https://www.basketball-reference.com/players/b/batumni01.html
Nicolas Batum,https://www.basketball-reference.com/players/b/batumni01.html
Nikola Jokić,https://www.basketball-reference.com/players/j/jokicni01.html
Nikola Jokić,https://www.basketball-reference.com/players/j/jokicni01.html
Nikola Jović,https://www.basketball-reference.com/players/j/jovicni01.html
Nikola Jović,https://www.basketball-reference.com/players/j/jovicni01.html
Nikola Vučević,https://www.basketball-reference.com/players/v/vucevni01.html
Noah Vonleh,https://www.basketball-reference.com/players/v/vonleno01.html
Norman Powell,https://www.basketball-reference.com/players/p/powelno01.html
Norman Powell,https://www.basketball-reference.com/players/p/powelno01.html
OG Anunoby,https://www.basketball-reference.com/players/a/anunoog01.html
Obi Toppin,https://www.basketball-reference.com/players/t/toppiob01.html
Obi Toppin,https://www.basketball-reference.com/players/t/toppiob01.html
Ochai Agbaji,https://www.basketball-reference.com/players/a/agbajoc01.html
Olivier Sarr,https://www.basketball-reference.com/players/s/sarrol01.html
Omer Yurtseven,https://www.basketball-reference.com/players/y/yurtsom01.html
Omer Yurtseven,https://www.basketball-reference.com/players/y/yurtsom01.html
Onyeka Okongwu,https://www.basketball-reference.com/players/o/okongon01.html
Onyeka Okongwu,https://www.basketball-reference.com/players/o/okongon01.html
Orlando Robinson,https://www.basketball-reference.com/players/r/robinor01.html
Oshae Brissett,https://www.basketball-reference.com/players/b/brissos01.html
Otto Porter Jr.,https://www.basketball-reference.com/players/p/porteot01.html
Ousmane Dieng,https://www.basketball-reference.com/players/d/diengou01.html
P.J. Tucker,https://www.basketball-reference.com/players/t/tuckepj01.html
P.J. Tucker,https://www.basketball-reference.com/players/t/tuckepj01.html
P.J. Washington,https://www.basketball-reference.com/players/w/washipj01.html
PJ Dozier,https://www.basketball-reference.com/players/d/doziepj01.html
PJ Dozier,https://www.basketball-reference.com/players/d/doziepj01.html
Paolo Banchero,https://www.basketball-reference.com/players/b/banchpa01.html
Pascal Siakam,https://www.basketball-reference.com/players/s/siakapa01.html
Pat Connaughton,https://www.basketball-reference.com/players/c/connapa01.html
Pat Connaughton,https://www.basketball-reference.com/players/c/connapa01.html
Patrick Baldwin Jr.,https://www.basketball-reference.com/players/b/baldwpa01.html
Patrick Baldwin Jr.,https://www.basketball-reference.com/players/b/baldwpa01.html
Patrick Beverley,https://www.basketball-reference.com/players/b/beverpa01.html
Patrick Beverley,https://www.basketball-reference.com/players/b/beverpa01.html
Patrick Beverley,https://www.basketball-reference.com/players/b/beverpa01.html
Patrick Williams,https://www.basketball-reference.com/players/w/willipa01.html
Patty Mills,https://www.basketball-reference.com/players/m/millspa02.html
Patty Mills,https://www.basketball-reference.com/players/m/millspa02.html
Paul George,https://www.basketball-reference.com/players/g/georgpa01.html
Paul Reed,https://www.basketball-reference.com/players/r/reedpa01.html
Paul Reed,https://www.basketball-reference.com/players/r/reedpa01.html
Payton Pritchard,https://www.basketball-reference.com/players/p/pritcpa01.html
Payton Pritchard,https://www.basketball-reference.com/players/p/pritcpa01.html
Peyton Watson,https://www.basketball-reference.com/players/w/watsope01.html
Peyton Watson,https://www.basketball-reference.com/players/w/watsope01.html
Precious Achiuwa,https://www.basketball-reference.com/players/a/achiupr01.html
Quentin Grimes,https://www.basketball-reference.com/players/g/grimequ01.html
Quentin Grimes,https://www.basketball-reference.com/players/g/grimequ01.html
Quenton Jackson,https://www.basketball-reference.com/players/j/jacksqu01.html
R.J. Hampton,https://www.basketball-reference.com/players/h/hamptrj01.html
R.J. Hampton,https://www.basketball-reference.com/players/h/hamptrj01.html
R.J. Hampton,https://www.basketball-reference.com/players/h/hamptrj01.html
RJ Barrett,https://www.basketball-reference.com/players/b/barrerj01.html
RJ Barrett,https://www.basketball-reference.com/players/b/barrerj01.html
RaiQuan Gray,https://www.basketball-reference.com/players/g/grayra01.html
Raul Neto,https://www.basketball-reference.com/players/n/netora01.html
Raul Neto,https://www.basketball-reference.com/players/n/netora01.html
Reggie Bullock,https://www.basketball-reference.com/players/b/bullore01.html
Reggie Jackson,https://www.basketball-reference.com/players/j/jacksre01.html
Reggie Jackson,https://www.basketball-reference.com/players/j/jacksre01.html
Reggie Jackson,https://www.basketball-reference.com/players/j/jacksre01.html
Reggie Jackson,https://www.basketball-reference.com/players/j/jacksre01.html
Richaun Holmes,https://www.basketball-reference.com/players/h/holmeri01.html
Ricky Rubio,https://www.basketball-reference.com/players/r/rubiori01.html
Ricky Rubio,https://www.basketball-reference.com/players/r/rubiori01.html
Robert Covington,https://www.basketball-reference.com/players/c/covinro01.html
Robert Covington,https://www.basketball-reference.com/players/c/covinro01.html
Robert Williams,https://www.basketball-reference.com/players/w/williro04.html
Robert Williams,https://www.basketball-reference.com/players/w/williro04.html
Robin Lopez,https://www.basketball-reference.com/players/l/lopezro01.html
Robin Lopez,https://www.basketball-reference.com/players/l/lopezro01.html
Rodney McGruder,https://www.basketball-reference.com/players/m/mcgruro01.html
Romeo Langford,https://www.basketball-reference.com/players/l/langfro01.html
Ron Harper Jr.,https://www.basketball-reference.com/players/h/harpero02.html
Royce O'Neale,https://www.basketball-reference.com/players/o/onealro01.html
Royce O'Neale,https://www.basketball-reference.com/players/o/onealro01.html
Rudy Gay,https://www.basketball-reference.com/players/g/gayru01.html
Rudy Gobert,https://www.basketball-reference.com/players/g/goberru01.html
Rudy Gobert,https://www.basketball-reference.com/players/g/goberru01.html
Rui Hachimura,https://www.basketball-reference.com/players/h/hachiru01.html
Rui Hachimura,https://www.basketball-reference.com/players/h/hachiru01.html
Rui Hachimura,https://www.basketball-reference.com/players/h/hachiru01.html
Rui Hachimura,https://www.basketball-reference.com/players/h/hachiru01.html
Russell Westbrook,https://www.basketball-reference.com/players/w/westbru01.html
Russell Westbrook,https://www.basketball-reference.com/players/w/westbru01.html
Russell Westbrook,https://www.basketball-reference.com/players/w/westbru01.html
Russell Westbrook,https://www.basketball-reference.com/players/w/westbru01.html
Ryan Arcidiacono,https://www.basketball-reference.com/players/a/arcidry01.html
Ryan Arcidiacono,https://www.basketball-reference.com/players/a/arcidry01.html
Ryan Arcidiacono,https://www.basketball-reference.com/players/a/arcidry01.html
Ryan Rollins,https://www.basketball-reference.com/players/r/rolliry01.html
Saben Lee,https://www.basketball-reference.com/players/l/leesa01.html
Saben Lee,https://www.basketball-reference.com/players/l/leesa01.html
Saben Lee,https://www.basketball-reference.com/players/l/leesa01.html
Saddiq Bey,https://www.basketball-reference.com/players/b/beysa01.html
Saddiq Bey,https://www.basketball-reference.com/players/b/beysa01.html
Saddiq Bey,https://www.basketball-reference.com/players/b/beysa01.html
Saddiq Bey,https://www.basketball-reference.com/players/b/beysa01.html
Sam Hauser,https://www.basketball-reference.com/players/h/hausesa01.html
Sam Hauser,https://www.basketball-reference.com/players/h/hausesa01.html
Sam Merrill,https://www.basketball-reference.com/players/m/merrisa01.html
Sandro Mamukelashvili,https://www.basketball-reference.com/players/m/mamuksa01.html
Sandro Mamukelashvili,https://www.basketball-reference.com/players/m/mamuksa01.html
Sandro Mamukelashvili,https://www.basketball-reference.com/players/m/mamuksa01.html
Santi Aldama,https://www.basketball-reference.com/players/a/aldamsa01.html
Santi Aldama,https://www.basketball-reference.com/players/a/aldamsa01.html
Scottie Barnes,https://www.basketball-reference.com/players/b/barnesc01.html
Scotty Pippen Jr.,https://www.basketball-reference.com/players/p/pippesc02.html
Serge Ibaka,https://www.basketball-reference.com/players/i/ibakase01.html
Seth Curry,https://www.basketball-reference.com/players/c/curryse01.html
Seth Curry,https://www.basketball-reference.com/players/c/curryse01.html
Shaedon Sharpe,https://www.basketball-reference.com/players/s/sharpsh01.html
Shai Gilgeous-Alexander,https://www.basketball-reference.com/players/g/gilgesh01.html
Shake Milton,https://www.basketball-reference.com/players/m/miltosh01.html
Shake Milton,https://www.basketball-reference.com/players/m/miltosh01.html
Shaquille Harrison,https://www.basketball-reference.com/players/h/harrish01.html
Shaquille Harrison,https://www.basketball-reference.com/players/h/harrish01.html
Simone Fontecchio,https://www.basketball-reference.com/players/f/fontesi01.html
Skylar Mays,https://www.basketball-reference.com/players/m/mayssk01.html
Spencer Dinwiddie,https://www.basketball-reference.com/players/d/dinwisp01.html
Spencer Dinwiddie,https://www.basketball-reference.com/players/d/dinwisp01.html
Spencer Dinwiddie,https://www.basketball-reference.com/players/d/dinwisp01.html
Spencer Dinwiddie,https://www.basketball-reference.com/players/d/dinwisp01.html
Stanley Johnson,https://www.basketball-reference.com/players/j/johnsst04.html
Stanley Umude,https://www.basketball-reference.com/players/u/umudest01.html
Stephen Curry,https://www.basketball-reference.com/players/c/curryst01.html
Stephen Curry,https://www.basketball-reference.com/players/c/curryst01.html
Sterling Brown,https://www.basketball-reference.com/players/b/brownst02.html
Steven Adams,https://www.basketball-reference.com/players/a/adamsst01.html
Svi Mykhailiuk,https://www.basketball-reference.com/players/m/mykhasv01.html
Svi Mykhailiuk,https://www.basketball-reference.com/players/m/mykhasv01.html
Svi Mykhailiuk,https://www.basketball-reference.com/players/m/mykhasv01.html
T.J. McConnell,https://www.basketball-reference.com/players/m/mccontj01.html
T.J. Warren,https://www.basketball-reference.com/players/w/warretj01.html
T.J. Warren,https://www.basketball-reference.com/players/w/warretj01.html
T.J. Warren,https://www.basketball-reference.com/players/w/warretj01.html
T.J. Warren,https://www.basketball-reference.com/players/w/warretj01.html
Taj Gibson,https://www.basketball-reference.com/players/g/gibsota01.html
Talen Horton-Tucker,https://www.basketball-reference.com/players/h/hortota01.html
Tari Eason,https://www.basketball-reference.com/players/e/easonta01.html
Taurean Prince,https://www.basketball-reference.com/players/p/princta02.html
Taurean Prince,https://www.basketball-reference.com/players/p/princta02.html
Terance Mann,https://www.basketball-reference.com/players/m/mannte01.html
Terance Mann,https://www.basketball-reference.com/players/m/mannte01.html
Terence Davis,https://www.basketball-reference.com/players/d/daviste02.html
Terence Davis,https://www.basketball-reference.com/players/d/daviste02.html
Terrence Ross,https://www.basketball-reference.com/players/r/rosste01.html
Terrence Ross,https://www.basketball-reference.com/players/r/rosste01.html
Terrence Ross,https://www.basketball-reference.com/players/r/rosste01.html
Terrence Ross,https://www.basketball-reference.com/players/r/rosste01.html
Terry Rozier,https://www.basketball-reference.com/players/r/roziete01.html
Terry Taylor,https://www.basketball-reference.com/players/t/taylote01.html
Terry Taylor,https://www.basketball-reference.com/players/t/taylote01.html
Terry Taylor,https://www.basketball-reference.com/players/t/taylote01.html
Thaddeus Young,https://www.basketball-reference.com/players/y/youngth01.html
Thanasis Antetokounmpo,https://www.basketball-reference.com/players/a/antetth01.html
Thanasis Antetokounmpo,https://www.basketball-reference.com/players/a/antetth01.html
Theo Pinson,https://www.basketball-reference.com/players/p/pinsoth01.html
Thomas Bryant,https://www.basketball-reference.com/players/b/bryanth01.html
Thomas Bryant,https://www.basketball-reference.com/players/b/bryanth01.html
Thomas Bryant,https://www.basketball-reference.com/players/b/bryanth01.html
Thomas Bryant,https://www.basketball-reference.com/players/b/bryanth01.html
Théo Maledon,https://www.basketball-reference.com/players/m/maledth01.html
Tim Hardaway Jr.,https://www.basketball-reference.com/players/h/hardati02.html
Tobias Harris,https://www.basketball-reference.com/players/h/harrito02.html
Tobias Harris,https://www.basketball-reference.com/players/h/harrito02.html
Tony Bradley,https://www.basketball-reference.com/players/b/bradlto01.html
Torrey Craig,https://www.basketball-reference.com/players/c/craigto01.html
Torrey Craig,https://www.basketball-reference.com/players/c/craigto01.html
Trae Young,https://www.basketball-reference.com/players/y/youngtr01.html
Trae Young,https://www.basketball-reference.com/players/y/youngtr01.html
Tre Jones,https://www.basketball-reference.com/players/j/jonestr01.html
Tre Mann,https://www.basketball-reference.com/players/m/manntr01.html
Trendon Watford,https://www.basketball-reference.com/players/w/watfotr01.html
Trent Forrest,https://www.basketball-reference.com/players/f/forretr01.html
Trevelin Queen,https://www.basketball-reference.com/players/q/queentr01.html
Trevor Hudgins,https://www.basketball-reference.com/players/h/hudgitr01.html
Trevor Keels,https://www.basketball-reference.com/players/k/keelstr01.html
Trey Lyles,https://www.basketball-reference.com/players/l/lylestr01.html
Trey Lyles,https://www.basketball-reference.com/players/l/lylestr01.html
Trey Murphy III,https://www.basketball-reference.com/players/m/murphtr02.html
Tristan Thompson,https://www.basketball-reference.com/players/t/thomptr01.html
Troy Brown Jr.,https://www.basketball-reference.com/players/b/browntr01.html
Troy Brown Jr.,https://www.basketball-reference.com/players/b/browntr01.html
Ty Jerome,https://www.basketball-reference.com/players/j/jeromty01.html
TyTy Washington Jr.,https://www.basketball-reference.com/players/w/washity02.html
Tyler Dorsey,https://www.basketball-reference.com/players/d/dorsety01.html
Tyler Herro,https://www.basketball-reference.com/players/h/herroty01.html
Tyler Herro,https://www.basketball-reference.com/players/h/herroty01.html
Tyrese Haliburton,https://www.basketball-reference.com/players/h/halibty01.html
Tyrese Martin,https://www.basketball-reference.com/players/m/martity01.html
Tyrese Maxey,https://www.basketball-reference.com/players/m/maxeyty01.html
Tyrese Maxey,https://www.basketball-reference.com/players/m/maxeyty01.html
Tyus Jones,https://www.basketball-reference.com/players/j/jonesty01.html
Tyus Jones,https://www.basketball-reference.com/players/j/jonesty01.html
Udoka Azubuike,https://www.basketball-reference.com/players/a/azubuud01.html
Udonis Haslem,https://www.basketball-reference.com/players/h/hasleud01.html
Udonis Haslem,https://www.basketball-reference.com/players/h/hasleud01.html
Usman Garuba,https://www.basketball-reference.com/players/g/garubus01.html
Vernon Carey Jr.,https://www.basketball-reference.com/players/c/careyve01.html
Victor Oladipo,https://www.basketball-reference.com/players/o/oladivi01.html
Victor Oladipo,https://www.basketball-reference.com/players/o/oladivi01.html
Vince Williams Jr.,https://www.basketball-reference.com/players/w/willivi01.html
Vit Krejci,https://www.basketball-reference.com/players/k/krejcvi01.html
Vlatko Čančar,https://www.basketball-reference.com/players/c/cancavl01.html
Vlatko Čančar,https://www.basketball-reference.com/players/c/cancavl01.html
Walker Kessler,https://www.basketball-reference.com/players/k/kesslwa01.html
Wendell Carter Jr.,https://www.basketball-reference.com/players/c/cartewe01.html
Wendell Moore Jr.,https://www.basketball-reference.com/players/m/moorewe01.html
Wendell Moore Jr.,https://www.basketball-reference.com/players/m/moorewe01.html
Wenyen Gabriel,https://www.basketball-reference.com/players/g/gabriwe01.html
Wenyen Gabriel,https://www.basketball-reference.com/players/g/gabriwe01.html
Wesley Matthews,https://www.basketball-reference.com/players/m/matthwe02.html
Wesley Matthews,https://www.basketball-reference.com/players/m/matthwe02.html
Will Barton,https://www.basketball-reference.com/players/b/bartowi01.html
Will Barton,https://www.basketball-reference.com/players/b/bartowi01.html
Will Barton,https://www.basketball-reference.com/players/b/bartowi01.html
Willy Hernangómez,https://www.basketball-reference.com/players/h/hernawi01.html
Xavier Cooks,https://www.basketball-reference.com/players/c/cooksxa01.html
Xavier Moon,https://www.basketball-reference.com/players/m/moonxa01.html
Xavier Sneed,https://www.basketball-reference.com/players/s/sneedxa01.html
Xavier Tillman Sr.,https://www.basketball-reference.com/players/t/tillmxa01.html
Xavier Tillman Sr.,https://www.basketball-reference.com/players/t/tillmxa01.html
Yuta Watanabe,https://www.basketball-reference.com/players/w/watanyu01.html
Yuta Watanabe,https://www.basketball-reference.com/players/w/watanyu01.html
Zach Collins,https://www.basketball-reference.com/players/c/colliza01.html
Zach LaVine,https://www.basketball-reference.com/players/l/lavinza01.html
Zeke Nnaji,https://www.basketball-reference.com/players/n/nnajize01.html
Zeke Nnaji,https://www.basketball-reference.com/players/n/nnajize01.html
Ziaire Williams,https://www.basketball-reference.com/players/w/willizi02.html
Ziaire Williams,https://www.basketball-reference.com/players/w/willizi02.html
Zion Williamson,https://www.basketball-reference.com/players/w/willizi01.html
,
,
